Tätort,Kommun,Folkmängd(31 dec 2020),Landareal(hektar),Täthet(inv./km²),Tätorts-kod
Abbekås,Skurups kommun,847,158,536,T3300
Abborrberget,Strängnäs kommun,2 953,165,1 790,T0699
Agunnaryd,Ljungby kommun,215,48,448,T1802
Alberga,Eskilstuna kommun,417,60,695,T0700
Alby,Ånge kommun,292,149,196,T7400
Alfta,Ovanåkers kommun,2 466,382,646,T7000
Algutsrum,Mörbylånga kommun,866,175,495,T2092
Alingsås,Alingsås kommun,27 423,1 410,1 945,T4700
Allerum,Helsingborgs kommun,742,94,789,T3304
Almunge,Uppsala kommun,888,149,596,T0500
Alsike,Knivsta kommun,5 057,338,1 496,T0504
Alstad,Trelleborgs kommun,346,54,641,T3308
Alster,Karlstads kommun,791,146,542,T5596
Alsterbro,Nybro kommun,417,105,397,T2100
Alstermo,Uppvidinge kommun,875,175,500,T1804
Alunda,Östhammars kommun,2 642,298,887,T0508
Alvesta,Alvesta kommun,9 184,647,1 420,T1808
Alvhem,Ale kommun,361,86,420,T4704
Alvik,Leksands kommun,310,171,181,T6402
Ambjörnarp,Tranemo kommun,309,103,300,T4708
Ammenäs,Uddevalla kommun,630,149,423,T4296
Anderslöv,Trelleborgs kommun,1 960,138,1 420,T3312
Anderstorp,Gislaveds kommun,5 202,638,815,T1400
Aneby,Aneby kommun,3 668,406,903,T1404
Angelstad,Ljungby kommun,239,62,386,T1812
Angered,Göteborgs kommun,1 491,237,629,T4294
Ankarsrum,Västerviks kommun,1 278,168,761,T2104
Ankarsvik,Sundsvalls kommun,1 009,208,485,T7408
Anneberg,Nässjö kommun,859,117,734,T1408
Annelöv,Landskrona kommun,449,68,660,T3316
Antnäs,Luleå kommun,1 732,295,587,T8508
Aplared,Borås kommun,432,65,665,T4716
Arboga,Arboga kommun,10 800,714,1 513,T6200
Arbrå,Bollnäs kommun,2 100,295,712,T7004
Ardala,Skara kommun,689,65,1 060,T5200
Arentorp,Vara kommun,510,82,622,T5204
Arild,Höganäs kommun,742,333,223,T3320
Arjeplog,Arjeplogs kommun,1 701,223,763,T8512
Arkelstorp,Kristianstads kommun,791,158,501,T2800
Arninge,Täby kommun,1 795,155,1 158,T0114
Arnö,Nyköpings kommun,4 804,247,1 945,T0702
Arrie,Vellinge kommun,220,38,579,T3324
Arvidsjaur,Arvidsjaurs kommun,4 457,427,1 044,T8516
Arvidsvik,Kungälvs kommun,1 000,116,862,T4506
Arvika,Arvika kommun,13 950,1 169,1 193,T5604
Aröd och Timmervik,Kungälvs kommun,926,265,349,T5070
Askeby,Linköpings kommun,499,58,860,T1004
Askersby,Örebro kommun,250,59,424,T5900
Askersund,Askersunds kommun,4 181,386,1 083,T5904
Asmundtorp,Landskrona kommun,1 646,118,1 395,T3328
Aspeboda,Falu kommun,335,176,190,T6408
Asperö,Göteborgs kommun,421,38,1 108,T4298
Aspås,Krokoms kommun,479,148,324,T7800
Avan,Luleå kommun,198,61,325,T8524
Avesta,Avesta kommun,16 278,1 500,1 085,T6404
Axvall,Skara kommun,1 130,116,974,T5208
Backa,Rättviks kommun,646,355,182,T6410
Backaryd,Ronneby kommun,374,71,527,T2600
Backe,Strömsunds kommun,498,150,332,T7804
Baggetorp,Vingåkers kommun,568,121,469,T0704
Ballingslöv,Hässleholms kommun,361,66,547,T2804
Balsby,Kristianstads kommun,514,69,745,T2808
Bammarboda,Österåkers kommun,671,309,217,T0102
Bankekind,Linköpings kommun,495,48,1 031,T1008
Bankeryd,Jönköpings kommun,8 822,750,1 176,T1412
Bara,Svedala kommun,3 938,174,2 263,T3332
Barkarö,Västerås kommun,1 641,157,1 045,T6204
Barnarp och Odensjö,Jönköpings kommun,2 924,202,1 448,T1612
Barsebäck,Kävlinge kommun,977,63,1 551,T3336
Barsebäckshamn,Kävlinge kommun,498,54,922,T3337
Baskemölla,Simrishamns kommun,303,70,433,T2812
Bastuträsk,Norsjö kommun,322,90,358,T8112
Beddingestrand,Trelleborgs kommun,1 520,386,394,T3338
Bengtsfors,Bengtsfors kommun,3 224,390,827,T4720
Bengtsheden,Falu kommun,524,182,288,T6412
Bensbyn,Luleå kommun,605,129,469,T8528
Berg,Åtvidabergs kommun,302,54,559,T1012
Berg,Linköpings kommun,1 285,116,1 108,T1016
Berg,Gävle kommun,301,118,255,T7014
Berga,Högsby kommun,732,145,505,T2108
Bergagård,Falkenbergs kommun,259,86,301,T3908
Bergby,Gävle kommun,1 525,467,327,T7016
Bergeforsen,Timrå kommun,1 741,282,617,T7416
Berghem,Marks kommun,381,86,443,T4724
Bergkvara,Torsås kommun,1 221,258,473,T2112
Bergnäset,Luleå kommun,3 761,299,1 258,T8532
Bergshammar,Nyköpings kommun,826,66,1 252,T0708
Bergshamra,Norrtälje kommun,658,262,251,T0100
Bergsjö,Nordanstigs kommun,1 332,186,716,T7020
Bergströmshusen,Staffanstorps kommun,403,31,1 300,T2814
Bergsviken,Piteå kommun,2 312,214,1 080,T8536
Bergvik,Söderhamns kommun,648,165,393,T7024
Bestorp,Linköpings kommun,513,95,540,T1020
Betsede,Värmdö kommun,319,56,570,T0122
Bettna,Flens kommun,375,70,536,T0712
Bie,Katrineholms kommun,518,63,822,T0716
Billeberga,Svalövs kommun,1 064,141,755,T3340
Billinge,Eslövs kommun,459,81,567,T3348
Billingsfors,Bengtsfors kommun,1 141,160,713,T4728
Billsta,Örnsköldsviks kommun,362,103,352,T7420
Bjurholm,Bjurholms kommun,1 013,166,610,T8120
Bjursås,Falu kommun,2 106,560,376,T6424
Bjuv,Bjuvs kommun,10 911,967,1 128,T3352
Bjärlöv,Kristianstads kommun,242,69,351,T3354
Bjärnum,Hässleholms kommun,2 815,434,649,T2816
Bjärred,Lomma kommun,9 916,510,1 944,T3356
Bjärsjölagård,Sjöbo kommun,399,75,532,T3360
Bjästa,Örnsköldsviks kommun,1 806,244,740,T7424
Björbo,Gagnefs kommun,676,193,350,T6428
Björboholm,Lerums kommun,1 204,255,472,T4732
Björke,Gävle kommun,657,140,469,T7028
Björketorp,Marks kommun,556,91,611,T4736
Björklinge,Uppsala kommun,3 400,305,1 115,T0512
Björktorp och Sanda,Strängnäs kommun,474,170,279,T0722
Björkvik,Katrineholms kommun,436,119,366,T0720
Björköby,Vetlanda kommun,326,84,388,T1420
Björlanda,Göteborgs kommun,1 150,158,728,T4302
Björna,Örnsköldsviks kommun,373,73,511,T7428
Björnarås,Mölndals kommun,336,41,820,T4369
Björneborg,Kristinehamns kommun,1 101,144,765,T5612
Björnlunda,Gnesta kommun,830,116,716,T0724
Björnänge,Åre kommun,767,401,191,T7810
Björnö,Växjö kommun,195,15,1 300,T1818
Björsäter,Åtvidabergs kommun,391,73,536,T1024
Blackstalund,Uppsala kommun,268,78,344,T0650
Bleket,Tjörns kommun,476,117,407,T4308
Blentarp,Sjöbo kommun,1 523,254,600,T3364
Blidsberg,Ulricehamns kommun,561,113,497,T4740
Blidö,Norrtälje kommun,280,564,50,T0126
Blixbo,Falu kommun,280,105,267,T6430
Blombacka,Karlstads kommun,195,96,203,T5616
Blomstermåla,Mönsterås kommun,2 322,378,614,T2120
Blåsmark,Piteå kommun,274,57,481,T8540
Bläshammar och Trönningenäs,Varbergs kommun,1 052,187,563,T4130
Blötberget,Ludvika kommun,240,58,414,T6432
Bockara,Oskarshamns kommun,356,101,353,T2124
Boda,Rättviks kommun,521,282,185,T6436
Bodafors,Nässjö kommun,2 045,242,845,T1424
Boden,Bodens kommun,16 817,1 417,1 187,T8544
Bohus-Björkö,Öckerö kommun,1 473,103,1 430,T4304
Boliden,Skellefteå kommun,1 602,146,1 097,T8132
Bollebygd,Bollebygds kommun,4 559,341,1 337,T4744
Bollnäs,Bollnäs kommun,13 942,1 287,1 083,T7036
Bollstabruk,Kramfors kommun,1 812,523,347,T7432
Bondstorp,Vaggeryds kommun,230,56,411,T1426
Bonäs,Mora kommun,382,107,357,T6440
Bor,Värnamo kommun,1 293,165,784,T1428
Borensberg,Motala kommun,3 093,296,1 045,T1028
Borggård,Finspångs kommun,259,47,551,T1032
Borgholm,Borgholms kommun,4 374,913,479,T2132
Borgstena,Borås kommun,423,107,395,T4748
Borlänge,Borlänge kommun,43 202,3 165,1 365,T6444
Borrby,Simrishamns kommun,949,103,921,T2820
Borås,Borås kommun,73 980,2 893,2 557,T4752
Bosnäs,Borås kommun,468,100,468,T4310
Botsmark,Umeå kommun,202,39,518,T8136
Bottnaryd,Jönköpings kommun,810,87,931,T1432
Bovallstrand,Sotenäs kommun,455,136,335,T4312
Boxholm,Boxholms kommun,3 318,441,752,T1040
Brantevik,Simrishamns kommun,353,87,406,T2824
Brastad,Lysekils kommun,1 964,347,566,T4316
Braås,Växjö kommun,1 779,153,1 163,T1820
Bredared,Borås kommun,330,60,550,T4756
Bredaryd,Värnamo kommun,1 537,223,689,T1436
Bredbyn,Örnsköldsviks kommun,1 164,194,600,T7444
Bredsand,Enköpings kommun,1 653,229,722,T0612
Bredviken,Kalix kommun,373,57,654,T8556
Bro,Upplands-Bro kommun,9 482,445,2 131,T0112
Broaryd,Gislaveds kommun,285,71,401,T1440
Broby,Östra Göinge kommun,3 513,390,901,T2828
Brokind,Linköpings kommun,515,77,669,T1044
Bromölla,Bromölla kommun,8 092,632,1 280,T2832
Brotorp,Säffle kommun,285,22,1 296,T5868
Brottby,Vallentuna kommun,248,39,636,T0116
Bruksvallarna,Härjedalens kommun,209,161,130,T8046
Brunn,Värmdö kommun,1 323,215,615,T0120
Brunna,Upplands-Bro kommun,4 033,345,1 169,T0124
Brunnsberg,Älvdalens kommun,210,121,174,T6448
Bruzaholm,Eksjö kommun,238,75,317,T1444
Brålanda,Vänersborgs kommun,1 532,183,837,T4760
Bräcke,Bräcke kommun,1 467,203,723,T7816
Bräkne-Hoby,Ronneby kommun,1 710,241,710,T2604
Brändön,Luleå kommun,338,98,345,T8558
Brännland,Umeå kommun,358,63,568,T8140
Brännäset och Boviken,Umeå kommun,291,270,108,T8138
Brännö,Göteborgs kommun,929,193,481,T4322
Brösarp,Tomelilla kommun,742,97,765,T2836
Bua,Varbergs kommun,2 124,239,889,T3912
Buerås,Kungsbacka kommun,768,91,844,T3914
Bullmark,Umeå kommun,314,44,714,T8142
Bunkeflostrand,Malmö kommun,14 744,495,2 979,T3372
Bureå,Skellefteå kommun,2 546,382,667,T8144
Burgsvik,Region Gotland,344,127,271,T2500
Burlövs egnahem,Burlövs kommun,767,29,2 645,T3374
Burseryd,Gislaveds kommun,957,194,493,T1452
Burträsk,Skellefteå kommun,1 636,192,852,T8148
Buskhyttan,Nyköpings kommun,208,58,359,T0728
Butbro,Finspångs kommun,283,40,708,T1206
Bygdeå,Robertsfors kommun,487,79,617,T8152
Bygdsiljum,Skellefteå kommun,312,93,336,T8156
Byske,Skellefteå kommun,1 741,328,531,T8160
Bålsta,Håbo kommun,15 294,1 148,1 332,T0520
Båstad,Båstads kommun,5 699,870,655,T2840
Båtbyggartorp,Upplands Väsby kommun,217,47,462,T0450
Båtskärsnäs,Kalix kommun,208,66,315,T8560
Bäckaskog,Kristianstads kommun,317,43,737,T2844
Bäckebo,Nybro kommun,222,83,268,T2144
Bäckefors,Bengtsfors kommun,675,140,482,T4768
Bäckhammar,Kristinehamns kommun,312,83,376,T5624
Bälgviken,Eskilstuna kommun,217,42,517,T0730
Bälinge,Uppsala kommun,2 590,189,1 370,T0524
Bälinge,Luleå kommun,303,62,489,T8564
Bärby,Uppsala kommun,401,56,716,T0526
Bäsna,Gagnefs kommun,668,150,445,T6456
"Bökenäs, Korsanäs och Kuggeboda",Ronneby kommun,466,249,187,T2682
Böle,Piteå kommun,346,65,532,T8568
Bönan,Gävle kommun,1 030,302,341,T7038
Charlottenberg,Eda kommun,2 523,285,885,T5628
Dala-Floda,Gagnefs kommun,657,228,288,T6460
Dalarö,Haninge kommun,1 912,604,317,T0132
Dalby,Lunds kommun,6 834,414,1 651,T3380
Dals Långed,Bengtsfors kommun,1 349,211,639,T4772
Dals Rostock,Melleruds kommun,794,143,555,T4776
Dalsjöfors,Borås kommun,3 795,366,1 037,T4780
Dalstorp,Tranemo kommun,728,144,506,T4784
Dalum,Ulricehamns kommun,692,78,887,T4788
Danholn,Falu kommun,461,80,576,T6472
Danmark,Uppsala kommun,441,55,802,T0530
Dannemora,Östhammars kommun,238,68,350,T0528
Dannike,Borås kommun,444,77,577,T4792
Degeberga,Kristianstads kommun,1 325,215,616,T2848
Degerfors,Degerfors kommun,7 281,735,991,T5916
Degerhamn,Mörbylånga kommun,313,107,293,T2152
Deje,Forshaga kommun,2 705,318,851,T5632
Delary,Älmhults kommun,212,46,461,T1828
Delsbo,Hudiksvalls kommun,2 236,317,705,T7040
Dingle,Munkedals kommun,941,117,804,T4324
Dingtuna,Västerås kommun,1 024,105,975,T6208
Diseröd,Kungälvs kommun,1 381,122,1 132,T4328
Diö,Älmhults kommun,892,140,637,T1832
Djupekås,Sölvesborgs kommun,193,32,603,T2610
Djura,Leksands kommun,384,126,305,T6476
Djurås,Gagnefs kommun,2 177,390,558,T6484
Djurö,Värmdö kommun,1 521,643,237,T0136
Djurön,Norrköpings kommun,306,56,546,T1058
Docksta,Kramfors kommun,373,106,352,T7448
Domsten,Helsingborgs kommun,611,50,1 222,T3384
Donsö,Göteborgs kommun,1 551,105,1 477,T4332
Dorotea,Dorotea kommun,1 320,204,647,T8168
Drag,Kalmar kommun,561,154,364,T2422
Drottningholm,Ekerö kommun,322,52,619,T0140
Drottningskär,Karlskrona kommun,509,237,215,T2612
Drängsmark,Skellefteå kommun,335,63,532,T8340
Dunö,Kalmar kommun,435,60,725,T2154
Duvesjön,Kungälvs kommun,307,47,653,T4562
Dvärsätt,Krokoms kommun,779,131,595,T7824
Dyvelsten,Forshaga kommun,249,46,541,T5634
Dösjebro,Kävlinge kommun,936,70,1 337,T3388
Ed,Dals-Eds kommun,3 007,354,849,T4796
Eda glasbruk,Eda kommun,226,91,248,T5636
Edane,Arvika kommun,671,176,381,T5640
Edeby,Knivsta kommun,255,57,447,T0658
Edsbro,Norrtälje kommun,591,152,389,T0144
Edsbruk,Västerviks kommun,303,72,421,T2156
Edsbyn,Ovanåkers kommun,4 336,523,829,T7044
Edsgatan och Långenäs,Karlstads kommun,712,130,548,T5648
Edsvalla,Karlstads kommun,707,81,873,T5652
Edsvalla Övre bruket,Karlstads kommun,245,33,742,T5654
Eggby,Skara kommun,222,48,463,T5216
Ekeby,Ekerö kommun,210,123,171,T0452
Ekeby,Södertälje kommun,1 000,64,1 563,T0148
Ekeby,Bjuvs kommun,3 319,385,862,T3392
Ekeby,Kumla kommun,594,138,430,T5920
Ekeby-Almby,Örebro kommun,2 148,202,1 063,T5924
Ekedalen,Tidaholms kommun,483,73,662,T5220
Ekenhaga,Värnamo kommun,220,20,1 100,T1754
Ekenässjön,Vetlanda kommun,1 537,199,772,T1456
Ekerö,Ekerö kommun,12 358,617,2 003,T0150
Ekerö sommarstad,Ekerö kommun,594,94,632,T0151
Eket,Örkelljunga kommun,434,101,430,T2856
Ekshärad,Hagfors kommun,949,157,605,T5724
Eksjö,Eksjö kommun,10 864,822,1 322,T1460
Ekskogen,Vallentuna kommun,263,62,424,T0146
Ekskogen Älgeby och Långsjötorp,Vallentuna kommun,347,215,161,T0142
Eksund,Norrköpings kommun,499,72,693,T1046
Ekängen,Linköpings kommun,2 698,177,1 524,T1050
Eldsberga,Halmstads kommun,771,105,734,T3916
Ellös,Orusts kommun,1 078,229,471,T4336
Emmaboda,Emmaboda kommun,5 054,588,860,T2160
Emmaljunga,Hässleholms kommun,313,92,340,T2860
Emsfors,Oskarshamns kommun,317,70,453,T2164
Emtunga,Vara kommun,302,40,755,T5224
Enbacka,Säters kommun,1 566,207,757,T6492
Eneryda,Älmhults kommun,330,67,493,T1840
Enhagen-Ekbacken,Västerås kommun,1 089,75,1 452,T6210
Enköping,Enköpings kommun,25 021,1 126,2 222,T0532
Enstaberga,Nyköpings kommun,441,59,748,T0736
Enviken,Falu kommun,897,329,273,T6496
Enånger,Hudiksvalls kommun,607,160,379,T7048
Eriksmåla,Emmaboda kommun,198,93,213,T2168
Eringsboda,Ronneby kommun,300,77,390,T2616
Ersmark,Umeå kommun,1 605,147,1 092,T8368
Ersmark,Skellefteå kommun,822,123,668,T8172
Ersnäs,Luleå kommun,492,152,324,T8576
Eskilsby och Snugga,Härryda kommun,260,87,299,T4334
Eskilstuna,Eskilstuna kommun,70 342,2 992,2 351,T0740
Eslöv,Eslövs kommun,19 783,946,2 091,T3396
Evertsberg,Älvdalens kommun,240,137,175,T6500
Everöd,Kristianstads kommun,916,153,599,T2864
Fagerfjäll,Tjörns kommun,217,119,182,T4326
Fagerhult,Habo kommun,322,65,495,T5228
Fagerhult,Högsby kommun,184,86,214,T2172
Fagerhult,Uddevalla kommun,456,108,422,T4338
Fagersanna,Tibro kommun,683,200,342,T5232
Fagersta,Fagersta kommun,11 780,727,1 620,T6212
Fagerås,Kils kommun,455,72,632,T5656
Falerum,Åtvidabergs kommun,232,78,297,T1048
Falkenberg,Falkenbergs kommun,28 357,2 201,1 288,T3920
Falköping,Falköpings kommun,17 858,916,1 950,T5236
Falla,Finspångs kommun,447,65,688,T1052
Falun,Falu kommun,38 749,2 526,1 534,T6504
Farhult,Höganäs kommun,363,103,352,T2866
Fegen,Falkenbergs kommun,242,70,346,T3924
Fellingsbro,Lindesbergs kommun,1 432,214,669,T5928
Fengersfors,Åmåls kommun,303,78,389,T4800
Figeholm,Oskarshamns kommun,824,107,770,T2176
Filipstad,Filipstads kommun,6 248,599,1 043,T5660
Filsbäck,Lidköpings kommun,667,107,623,T5240
Finja,Hässleholms kommun,565,129,438,T2868
Finkarby,Nykvarns kommun,207,59,351,T0158
Finnerödja,Laxå kommun,523,112,467,T5932
Finspång,Finspångs kommun,13 261,788,1 683,T1056
Finsta,Norrtälje kommun,248,44,564,T0164
Fiskebäckskil,Lysekils kommun,248,72,344,T4340
Fisksätra,Nacka kommun,7 943,101,7 864,T0156
Fjugesta,Lekebergs kommun,2 404,229,1 050,T5936
Fjälkinge,Kristianstads kommun,1 860,187,995,T2872
Fjällastorp,Bollebygds kommun,251,77,326,T5538
Fjällbacka,Tanums kommun,819,168,488,T4344
Fjärdhundra,Enköpings kommun,932,112,832,T0536
Fjärås kyrkby,Kungsbacka kommun,2 509,206,1 218,T3928
Fjärås station,Kungsbacka kommun,214,70,306,T3930
Flen,Flens kommun,6 577,439,1 498,T0744
Fleninge,Helsingborgs kommun,221,53,417,T2870
Flerohopp,Nybro kommun,200,51,392,T2184
Flisby,Nässjö kommun,209,65,322,T1464
Fliseryd,Mönsterås kommun,716,138,519,T2188
Floby,Falköpings kommun,1 593,223,714,T5244
Flurkmark,Umeå kommun,224,45,498,T8174
Flygsfors,Nybro kommun,225,61,369,T2192
Flyinge,Eslövs kommun,1 012,94,1 077,T3400
Flyksnäs,Marks kommun,210,57,368,T5540
Flädie,Lomma kommun,244,39,626,T3402
Folkärna,Avesta kommun,283,138,205,T6462
Fornåsa,Motala kommun,431,59,731,T1060
Fors,Avesta kommun,754,142,531,T6508
Forsbacka,Gävle kommun,1 759,186,946,T7052
Forserum,Nässjö kommun,2 097,194,1 081,T1468
Forshaga,Forshaga kommun,6 448,548,1 177,T5664
Forsheda,Värnamo kommun,1 460,171,854,T1472
Forssjö,Katrineholms kommun,598,53,1 128,T0748
Forsvik,Karlsborgs kommun,323,83,389,T5248
Fotö,Öckerö kommun,621,43,1 444,T4348
Fredriksberg,Ludvika kommun,314,75,419,T6512
Fredriksberg östra,Ludvika kommun,278,66,421,T6514
Fredriksdal,Nässjö kommun,306,62,494,T1476
Fredriksfors,Hudiksvalls kommun,195,91,214,T7054
Freluga,Bollnäs kommun,200,62,323,T7058
Fridlevstad,Karlskrona kommun,685,110,623,T2620
Friggesund,Hudiksvalls kommun,530,76,697,T7056
Frillesås,Kungsbacka kommun,3 285,481,683,T3932
Frinnaryd,Aneby kommun,228,56,407,T1480
Fristad,Borås kommun,5 833,762,766,T4808
Fritsla,Marks kommun,2 434,319,763,T4812
Frostkåge,Skellefteå kommun,219,74,296,T8414
Frufällan,Borås kommun,1 276,191,668,T4816
Främmestad,Essunga kommun,371,70,530,T5250
Frändefors,Vänersborgs kommun,628,100,628,T4820
Fränsta,Ånge kommun,2 028,609,333,T7472
Frödinge,Vimmerby kommun,302,69,438,T2196
Frösakull,Halmstads kommun,2 699,402,671,T3934
Frövi,Lindesbergs kommun,2 559,252,1 016,T5940
Funbo,Uppsala kommun,310,96,323,T0538
Funäsdalen,Härjedalens kommun,1 054,263,401,T7828
Furuby,Växjö kommun,383,62,618,T1852
Furudal,Rättviks kommun,446,131,341,T6516
Furulund,Kävlinge kommun,4 669,277,1 686,T3408
Furusjö,Habo kommun,346,63,549,T5252
Fågelfors,Högsby kommun,390,138,283,T2200
Fågelmara,Karlskrona kommun,377,85,444,T2624
Fågelsta,Motala kommun,303,56,541,T1064
Fågelvikshöjden,Värmdö kommun,2 287,579,395,T0166
Fåker,Östersunds kommun,242,59,410,T7830
Fårbo,Oskarshamns kommun,508,87,584,T2204
Fårösund,Region Gotland,815,246,331,T2504
Färgelanda,Färgelanda kommun,1 922,249,772,T4828
Färgens östra strand,Alingsås kommun,302,137,220,T4634
Färila,Ljusdals kommun,1 326,291,456,T7064
Färjestaden,Mörbylånga kommun,6 073,672,904,T2208
Färlöv,Kristianstads kommun,1 550,199,779,T2876
Föllinge,Krokoms kommun,481,174,276,T7836
Förslöv,Båstads kommun,2 390,283,845,T2880
Gagnef,Gagnefs kommun,1 252,365,343,T6528
Gamleby,Västerviks kommun,2 826,361,783,T2212
Gammelgården,Kalix kommun,279,66,423,T8578
Gammelstaden,Luleå kommun,4 836,552,876,T8580
Gantofta,Helsingborgs kommun,1 506,105,1 434,T3412
Garpenberg,Hedemora kommun,483,120,403,T6532
Garphyttan,Örebro kommun,1 543,150,1 029,T5944
Geijersholm,Hagfors kommun,203,31,655,T5668
Gemla,Växjö kommun,1 141,190,601,T1856
Genarp,Lunds kommun,3 000,196,1 531,T3416
Genevad,Laholms kommun,686,83,827,T3936
Gessie villastad,Vellinge kommun,550,54,1 019,T3438
Gesunda,Mora kommun,281,195,144,T6540
Getinge,Halmstads kommun,2 045,239,856,T3940
Getterön,Varbergs kommun,363,131,277,T3942
Gideå,Örnsköldsviks kommun,283,67,422,T7476
Gimo,Östhammars kommun,2 796,329,850,T0540
Gislaved,Gislaveds kommun,10 269,693,1 482,T1484
Gissebo,Jönköpings kommun,226,66,342,T1486
Gistad,Linköpings kommun,301,55,547,T1068
Gladö kvarn,Huddinge kommun,772,141,548,T0178
Glanshammar,Örebro kommun,793,120,661,T5948
Glemmingebro,Ystads kommun,424,55,771,T3424
Glimåkra,Östra Göinge kommun,1 550,208,745,T2884
Glommen,Falkenbergs kommun,1 085,180,603,T3944
Glommersträsk,Arvidsjaurs kommun,216,87,248,T8584
Glumslöv,Landskrona kommun,2 253,131,1 720,T3428
Glömminge,Mörbylånga kommun,357,139,257,T2214
Gnarp,Nordanstigs kommun,1 178,289,408,T7068
Gnesta,Gnesta kommun,6 376,393,1 622,T0752
Gnosjö,Gnosjö kommun,4 472,534,838,T1488
Gonäs,Ludvika kommun,330,120,275,T6544
Granby,Sigtuna kommun,299,52,575,T0188
Graversfors,Norrköpings kommun,628,148,424,T1074
Grebbestad,Tanums kommun,1 923,502,383,T4356
Grebo,Åtvidabergs kommun,1 071,115,931,T1072
Grevie,Båstads kommun,970,192,505,T2888
Grillby,Enköpings kommun,1 109,118,940,T0544
Grimslöv,Alvesta kommun,601,85,707,T1860
Grimstorp,Nässjö kommun,336,50,672,T1492
Grimsås,Tranemo kommun,723,112,646,T4832
Gripenberg,Tranås kommun,271,56,484,T1496
Grisslehamn,Norrtälje kommun,410,454,90,T0168
Gropen,Lekebergs kommun,221,80,276,T6026
Grums,Grums kommun,5 037,512,984,T5676
Grundsund,Lysekils kommun,637,142,449,T4360
Grycksbo,Falu kommun,1 886,327,577,T6552
Gryt,Valdemarsviks kommun,332,286,116,T1076
Grytgöl,Finspångs kommun,323,86,376,T1080
Grythyttan,Hällefors kommun,805,138,583,T5952
Gråbo,Lerums kommun,6 765,557,1 215,T4836
Gräddö,Norrtälje kommun,574,588,98,T0206
Gräfsnäs,Alingsås kommun,399,93,429,T4840
Grängesberg,Ludvika kommun,2 188,249,879,T6556
Grängesberg västra,Ludvika kommun,1 001,154,650,T6554
Gränna,Jönköpings kommun,2 713,177,1 533,T1500
Grännäs,Valdemarsviks kommun,194,16,1 213,T1350
Gränum,Olofströms kommun,254,59,431,T2628
Grästorp,Grästorps kommun,3 084,262,1 177,T5260
Grödby,Nynäshamns kommun,579,106,546,T0364
Grönalid,Vansbro kommun,389,82,474,T6830
"Grönskan, Vedhamn och Baldersnäs",Värmdö kommun,273,191,143,T0118
Gualöv,Bromölla kommun,482,86,561,T2892
Gudhem,Falköpings kommun,434,41,1 059,T5264
Gullbrandstorp,Halmstads kommun,1 776,144,1 233,T3948
Gullbranna,Halmstads kommun,667,61,1 093,T3952
Gulleråsen,Rättviks kommun,370,265,140,T6560
Gullringen,Vimmerby kommun,509,124,411,T2232
Gullspång,Gullspångs kommun,1 567,300,522,T5268
Gunnarskog,Arvika kommun,264,76,347,T5680
Gunnarstorp,Bjuvs kommun,386,42,919,T3432
Gunnebo,Västerviks kommun,1 013,144,704,T2236
Gunsta,Uppsala kommun,689,93,741,T0548
Gusselby,Lindesbergs kommun,272,81,336,T5956
Gustavsberg,Värmdö kommun,24 330,1 417,1 717,T0172
Gusum,Valdemarsviks kommun,1 110,127,874,T1084
Gyttorp,Nora kommun,704,134,525,T5960
Gånghester,Borås kommun,2 511,284,884,T4848
Gårdby,Mörbylånga kommun,261,75,348,T2240
Gårdskär,Älvkarleby kommun,352,122,289,T0552
Gårdstånga,Eslövs kommun,386,47,821,T3436
Gåvsta,Uppsala kommun,544,55,989,T0556
Gäddede,Strömsunds kommun,275,78,353,T7840
Gällivare,Gällivare kommun,10 584,861,1 229,T8596
Gällstad,Ulricehamns kommun,597,96,622,T4852
Gällö,Bräcke kommun,692,120,577,T7844
Gängletorp,Karlskrona kommun,575,107,537,T2630
Gärds Köpinge,Kristianstads kommun,919,114,806,T2896
Gärsnäs,Simrishamns kommun,1 110,110,1 009,T2900
Gävle,Gävle kommun,77 586,4 059,1 912,T7076
Göta,Lilla Edets kommun,1 085,143,759,T4856
Göteborg,Göteborgs kommun,604 829,23 386,2 586,T4368
Götene,Götene kommun,5 078,468,1 085,T5280
Götlunda,Arboga kommun,272,46,591,T6220
Habo,Habo kommun,8 516,596,1 429,T5284
Hackås,Bergs kommun,531,142,374,T7848
Haga,Enköpings kommun,295,37,797,T0558
Hagby,Kalmar kommun,834,269,310,T2244
Hagfors,Hagfors kommun,4 736,635,746,T5688
Hagge,Smedjebackens kommun,288,46,626,T6566
Hakkas,Gällivare kommun,361,128,282,T8600
Halla Heberg,Kungsbacka kommun,1 740,398,437,T3956
Hallabro,Ronneby kommun,244,61,400,T2632
Hallen,Åre kommun,233,90,259,T7852
Hallsberg,Hallsbergs kommun,8 482,976,869,T5964
Hallstahammar,Hallstahammars kommun,9 895,582,1 700,T6224
Hallstavik,Norrtälje kommun,4 784,511,936,T0176
Halltorp,Kalmar kommun,274,69,397,T2248
Halmstad,Halmstads kommun,71 316,3 668,1 944,T3960
Halvarsgårdarna,Borlänge kommun,299,70,427,T6568
Hamburgsund,Tanums kommun,704,139,507,T4372
Hammar,Kristianstads kommun,3 556,246,1 446,T2904
Hammar,Askersunds kommun,267,66,405,T5968
Hammarby,Sandvikens kommun,535,103,519,T7084
Hammarstrand,Ragunda kommun,1 103,280,394,T7856
Hammenhög,Simrishamns kommun,926,133,696,T2908
Hammerdal,Strömsunds kommun,1 083,406,267,T7860
Hampetorp,Örebro kommun,316,134,236,T5974
Hanaskog,Östra Göinge kommun,1 483,144,1 030,T2912
Haparanda,Haparanda kommun,6 554,596,1 100,T8604
Hara,Östersunds kommun,231,103,224,T7864
Harads,Bodens kommun,472,83,569,T8608
Harbo,Heby kommun,816,125,653,T6228
Hargshamn,Östhammars kommun,292,106,276,T0560
Harkie,Västerås kommun,310,114,272,T6260
Harkskär och Utvalnäs,Gävle kommun,461,150,307,T7346
Harlösa,Eslövs kommun,840,95,884,T3440
Harmånger,Nordanstigs kommun,589,108,545,T7096
Harplinge,Halmstads kommun,1 602,147,1 090,T3964
Hartungviken och Spikarna,Sundsvalls kommun,507,250,203,T7486
Hassela,Nordanstigs kommun,329,91,362,T7172
Hasselfors,Laxå kommun,395,95,416,T5980
Hasslarp,Helsingborgs kommun,585,60,975,T3444
Hasslö,Karlskrona kommun,1 678,363,462,T2640
Hasslöv,Laholms kommun,272,53,513,T3968
Havdhem,Region Gotland,255,95,268,T2508
Haverdal,Halmstads kommun,1 821,359,507,T3972
Havsbaden,Ängelholms kommun,657,95,692,T3198
Heberg,Falkenbergs kommun,463,72,643,T3976
Heby,Heby kommun,2 823,386,731,T6232
Hedared,Borås kommun,337,74,455,T4860
Hede,Härjedalens kommun,762,268,284,T7868
Hedekas,Munkedals kommun,406,95,427,T4380
Hedemora,Hedemora kommun,7 597,586,1 296,T6572
Heden och Skansbacken,Vansbro kommun,347,205,169,T6682
Hedenäset,Övertorneå kommun,224,138,162,T8612
Hedeskoga,Ystads kommun,252,20,1 260,T3448
Hedesunda,Gävle kommun,1 029,143,720,T7104
Hedkärra,Fagersta kommun,190,55,346,T6234
Hedlunda,Lycksele kommun,227,55,413,T8194
Helgö,Ekerö kommun,291,99,294,T0454
Helsingborg,Helsingborgs kommun,113 816,4 103,2 774,T3452
Hemavan,Storumans kommun,273,198,138,T8198
Hemmestorp,Sjöbo kommun,391,114,343,T3838
Hemmingsmark,Piteå kommun,363,85,427,T8616
Hemse,Region Gotland,1 766,229,771,T2512
Henån,Orusts kommun,2 375,490,485,T4384
Herrljunga,Herrljunga kommun,4 075,386,1 056,T4864
Herrskog,Kramfors kommun,200,66,303,T7488
Herräng,Norrtälje kommun,350,189,185,T0184
Herstadberg,Norrköpings kommun,237,28,846,T1088
Hestra,Ydre kommun,473,79,599,T1092
Hestra,Gislaveds kommun,1 362,210,649,T1504
Hillared,Svenljunga kommun,633,109,581,T4868
Hillerstorp,Gnosjö kommun,1 753,244,718,T1508
Hilleshögby,Ekerö kommun,241,82,294,T0210
Hillsta och Se,Sandvikens kommun,283,70,404,T7110
Himle,Varbergs kommun,292,50,584,T3982
Hindås,Härryda kommun,3 098,489,634,T4392
Hishult,Laholms kommun,338,96,352,T3984
Hissjö,Umeå kommun,474,109,435,T8196
Hissmofors,Krokoms kommun,298,110,271,T7872
Hittarp,Helsingborgs kommun,4 628,234,1 978,T3456
Hjo,Hjo kommun,6 357,501,1 269,T5296
Hjorted,Västerviks kommun,335,65,515,T2256
Hjortkvarn,Hallsbergs kommun,239,85,281,T5984
Hjortnäs,Leksands kommun,282,203,139,T6574
Hjortsberga,Alvesta kommun,253,63,402,T1872
Hjälm,Kungsbacka kommun,272,33,824,T3986
Hjälmared,Alingsås kommun,330,50,660,T4870
Hjälteby,Tjörns kommun,209,58,360,T5542
Hjältevad,Eksjö kommun,383,110,348,T1512
Hjärnarp,Ängelholms kommun,1 202,213,564,T2916
Hjärsås,Östra Göinge kommun,208,28,743,T2920
Hjärtum,Lilla Edets kommun,381,57,668,T4872
Hjärup,Staffanstorps kommun,5 591,220,2 541,T3460
Hofors,Hofors kommun,6 200,632,981,T7112
Hofterup,Kävlinge kommun,4 007,494,811,T3464
Hogstad,Mjölby kommun,230,45,511,T1096
Hogstorp,Uddevalla kommun,396,62,639,T4398
Hok,Vaggeryds kommun,670,90,744,T1516
Holm,Halmstads kommun,828,116,714,T3988
Holmeja,Svedala kommun,218,24,908,T3466
Holmsjö,Karlskrona kommun,377,120,314,T2644
Holmsund,Umeå kommun,6 046,775,780,T8200
Holsbybrunn,Vetlanda kommun,846,120,705,T1520
Holsljunga,Svenljunga kommun,214,39,549,T4876
Horda,Värnamo kommun,363,72,504,T1524
Horla,Vårgårda kommun,242,67,361,T4402
Horn,Kinda kommun,472,93,508,T1100
Horndal,Avesta kommun,1 074,273,393,T6576
Horred,Marks kommun,1 261,165,764,T4880
Horsta och Laggarberg,Timrå kommun,210,54,389,T7544
Hortlax,Piteå kommun,1 085,114,952,T8620
Hoting,Strömsunds kommun,631,115,549,T7876
Hova,Gullspångs kommun,1 272,183,695,T5300
Hoverberg,Bergs kommun,211,141,150,T7878
Hovid,Sundsvalls kommun,218,54,404,T7492
Hovmantorp,Lessebo kommun,3 199,281,1 138,T1876
Hovsta,Örebro kommun,2 782,157,1 772,T5988
Huaröd,Kristianstads kommun,266,83,321,T2924
Hudiksvall,Hudiksvalls kommun,16 570,1 326,1 250,T7120
Hult,Eksjö kommun,430,60,717,T1528
Hultafors,Bollebygds kommun,324,71,456,T4884
Hultsfred,Hultsfreds kommun,5 675,566,1 003,T2260
Hulu,Ulricehamns kommun,249,63,395,T4888
"Hulukvarn, Ulfstorp och Västersjön",Jönköpings kommun,352,227,155,T1756
Hummelsta,Enköpings kommun,945,76,1 243,T0564
Hunnebostrand,Sotenäs kommun,2 006,352,570,T4404
Hunnestad,Varbergs kommun,278,97,287,T3994
Hurva,Eslövs kommun,391,64,611,T3472
Husby och Tuna,Strängnäs kommun,266,160,166,T0890
Hustahöjden,Västerås kommun,225,24,938,T6386
Husum,Örnsköldsviks kommun,1 522,396,384,T7496
Hybo,Ljusdals kommun,214,50,428,T7124
Hyllinge,Åstorps kommun,2 421,169,1 433,T2928
Hyltebruk,Hylte kommun,4 072,467,872,T3992
Hysingsvik,Norrtälje kommun,213,183,116,T0456
Hyssna,Marks kommun,734,167,440,T4892
Håbo-Tibble kyrkby,Upplands-Bro kommun,664,158,420,T0190
Håga,Uppsala kommun,296,32,925,T0566
Håksberg,Ludvika kommun,426,67,636,T6580
Hållsta,Gnesta kommun,199,63,316,T0930
Hållsta,Eskilstuna kommun,888,102,871,T0756
Hånger,Värnamo kommun,322,72,447,T1532
Häggeby och Vreta,Håbo kommun,254,67,379,T0570
Häggenås,Östersunds kommun,347,107,324,T7880
Häljarp,Landskrona kommun,3 604,221,1 631,T3476
Hällaryd,Karlshamns kommun,631,116,544,T2648
Hällberga,Eskilstuna kommun,610,65,939,T0760
Hällbybrunn,Eskilstuna kommun,3 400,309,1 100,T0764
Hällbäcken och Sinksundet,Luleå kommun,1 014,105,966,T8874
Hällefors,Hällefors kommun,4 459,524,851,T5996
Hälleforsnäs,Flens kommun,1 615,216,748,T0768
Hällekis,Götene kommun,641,127,505,T5304
Hällestad,Finspångs kommun,322,93,346,T1104
Hällesåker,Mölndals kommun,727,232,313,T4410
Hällevadsholm,Munkedals kommun,776,101,768,T4412
Hällevik,Sölvesborgs kommun,1 523,343,444,T2652
Hällingsjö,Härryda kommun,494,96,515,T4354
Hällnäs,Vindelns kommun,229,81,283,T8204
Hälsö,Öckerö kommun,590,62,952,T4420
Härad,Strängnäs kommun,556,83,670,T0772
Häradsbygden,Leksands kommun,694,200,347,T6584
Härnösand,Härnösands kommun,18 502,1 142,1 620,T7500
Härryda,Härryda kommun,1 179,356,331,T4424
Härslöv,Landskrona kommun,410,39,1 051,T3484
Hässleholm,Hässleholms kommun,19 435,1 323,1 469,T2936
Hästhagen,Nacka kommun,499,37,1 349,T0192
Hästholmen,Ödeshögs kommun,320,48,667,T1108
Hästveda,Hässleholms kommun,1 747,292,598,T2940
Hästängen,Norrtälje kommun,743,243,306,T0442
"Hätte, Seglarvik och Sandvik",Tranås kommun,255,74,345,T1536
Höganäs,Höganäs kommun,16 001,1 036,1 545,T3488
Högboda,Kils kommun,312,120,260,T5730
Höggeröd,Orusts kommun,261,189,138,T4426
Högsby,Högsby kommun,1 971,262,752,T2264
Högsjö,Vingåkers kommun,651,98,664,T0776
Högsäter,Färgelanda kommun,754,112,673,T4900
Hökerum,Ulricehamns kommun,650,86,756,T4904
Hököpinge,Vellinge kommun,1 370,87,1 575,T3492
Höllviken,Vellinge kommun,15 640,1 312,1 192,T3496
Hölö,Södertälje kommun,1 602,168,954,T0196
Hönö,Öckerö kommun,9 124,612,1 491,T4428
Hörby,Hörby kommun,7 629,560,1 362,T3500
Hörnefors,Umeå kommun,2 517,237,1 062,T8208
Hörvik,Sölvesborgs kommun,816,124,658,T2656
Höviksnäs,Tjörns kommun,3 469,674,515,T4514
Höör,Höörs kommun,12 802,1 619,791,T3504
Idkerberget,Borlänge kommun,260,77,338,T6588
Idre,Älvdalens kommun,661,140,472,T6592
Igelfors,Finspångs kommun,221,39,567,T1116
Igelstorp,Skövde kommun,660,73,904,T5308
Iggesund,Hudiksvalls kommun,3 437,436,788,T7132
Ilsbo,Nordanstigs kommun,463,68,681,T7136
Immeln,Östra Göinge kommun,308,116,266,T2948
Indal,Sundsvalls kommun,964,251,384,T7504
Ingared,Alingsås kommun,2 380,330,721,T4908
Ingatorp,Eksjö kommun,467,110,425,T1540
Ingelstad,Växjö kommun,1 881,207,909,T1884
Ingelsträde,Höganäs kommun,254,44,577,T3508
Innertavle,Umeå kommun,587,72,815,T8210
Insjön,Leksands kommun,2 120,369,575,T6596
Inskogen,Oxelösunds kommun,221,21,1 052,T0778
Irsta,Västerås kommun,2 835,160,1 772,T6356
Johannesudd,Vallentuna kommun,306,16,1 913,T0202
Johannishus,Ronneby kommun,743,100,743,T2660
Johansfors,Emmaboda kommun,412,139,296,T2272
Jokkmokk,Jokkmokks kommun,2 754,275,1 002,T8628
Jonsered,Partille kommun,872,110,793,T4432
Jonslund,Essunga kommun,309,75,412,T5312
Jonstorp,Höganäs kommun,2 130,194,1 098,T3512
Jordbro,Haninge kommun,11 617,488,2 381,T0200
Jukkasjärvi,Kiruna kommun,687,137,502,T8632
Jung,Vara kommun,396,96,413,T5316
Jungfrusund,Ekerö kommun,299,14,2 136,T0183
Junosuando,Pajala kommun,283,142,199,T8636
Junsele,Sollefteå kommun,779,226,345,T7512
Juoksengi,Övertorneå kommun,286,151,189,T8640
Jäderfors,Sandvikens kommun,319,61,523,T7140
Jälla,Uppsala kommun,2 114,122,1 733,T0514
Jämjö,Karlskrona kommun,2 675,317,844,T2664
Jämshög,Olofströms kommun,1 584,255,621,T2668
Jämtön,Luleå kommun,206,78,264,T8644
Järavallen,Kävlinge kommun,250,30,833,T2950
Järbo,Sandvikens kommun,1 770,244,725,T7148
Järlåsa,Uppsala kommun,577,76,759,T0568
Järna,Södertälje kommun,6 153,390,1 578,T0204
Järna,Vansbro kommun,1 624,588,276,T6468
Järnforsen,Hultsfreds kommun,426,140,304,T2276
Järpen,Åre kommun,1 589,234,679,T7884
Järpås,Lidköpings kommun,790,106,745,T5320
Järvsö,Ljusdals kommun,1 513,345,439,T7152
Jättendal,Nordanstigs kommun,253,110,230,T7154
Jävre,Piteå kommun,583,167,349,T8648
Jönköping,Jönköpings kommun,100 259,4 783,2 096,T1544
Jönåker,Nyköpings kommun,628,85,739,T0780
Jörlanda,Stenungsunds kommun,1 547,343,451,T4436
Jörn,Skellefteå kommun,636,177,359,T8212
Jössefors,Arvika kommun,715,127,563,T5700
Kagghamra,Botkyrka kommun,286,86,333,T0458
Kalix,Kalix kommun,8 393,895,938,T8656
Kalkudden,Strängnäs kommun,285,181,158,T0782
Kallax,Luleå kommun,493,170,290,T8658
Kallfors,Södertälje kommun,1 491,142,1 050,T0444
Kallinge,Ronneby kommun,4 841,523,926,T2672
Kalmar,Kalmar kommun,41 388,1 998,2 072,T2280
Kalvsund,Öckerö kommun,245,25,980,T4434
Kangos,Pajala kommun,226,145,156,T8660
Karby,Vallentuna kommun,838,55,1 524,T0208
Kareby och Ringby,Kungälvs kommun,236,56,421,T4458
Karesuando,Kiruna kommun,279,74,377,T8664
Karlholmsbruk,Tierps kommun,1 263,284,445,T0572
Karlsborg,Karlsborgs kommun,3 749,505,742,T5324
Karlshamn,Karlshamns kommun,20 283,1 597,1 270,T2676
Karlskoga,Karlskoga kommun,27 386,2 037,1 344,T6008
Karlskrona,Karlskrona kommun,36 904,2 121,1 740,T2680
Karlstad,Karlstads kommun,65 856,2 833,2 325,T5704
Karlsvik,Luleå kommun,232,33,703,T8670
Kartlandet och Hagsätter,Norrköpings kommun,232,72,322,T1352
Karups sommarby,Sjöbo kommun,397,90,441,T2952
Kastlösa,Mörbylånga kommun,219,103,213,T2284
Katrinedal,Vänersborgs kommun,405,44,921,T4330
Katrineholm,Katrineholms kommun,24 447,1 181,2 070,T0784
Kattarp,Helsingborgs kommun,768,73,1 052,T3516
Kaxholmen,Jönköpings kommun,1 793,163,1 100,T1548
Kebal,Strömstads kommun,373,207,180,T4439
Kil,Nacka kommun,1 017,91,1 118,T0212
Kil,Kils kommun,7 796,795,981,T5708
Kilafors,Bollnäs kommun,1 168,153,763,T7156
Killeberg,Osby kommun,624,117,533,T2956
Kilsmo,Örebro kommun,230,32,719,T6012
Kimstad,Norrköpings kommun,1 627,176,924,T1128
Kinna,Marks kommun,15 448,1 971,784,T4912
Kinnared,Hylte kommun,319,91,351,T3996
Kinnarp,Falköpings kommun,963,148,651,T5328
Kinnarumma,Borås kommun,381,73,522,T4916
Kiruna,Kiruna kommun,16 420,898,1 829,T8676
Kisa,Kinda kommun,3 813,438,871,T1132
Kivik,Simrishamns kommun,883,192,460,T2960
Kivinge,Håbo kommun,202,55,367,T0690
Kjulaås,Eskilstuna kommun,937,102,919,T0788
Klagstorp,Trelleborgs kommun,599,106,565,T3528
Klapparvik och Källby,Söderhamns kommun,211,71,297,T7390
Klevshult,Vaggeryds kommun,292,65,449,T1552
Klingsta och Allsta,Sundsvalls kommun,567,167,340,T7402
Klintehamn,Region Gotland,1 541,291,530,T2520
Klippan,Klippans kommun,8 874,547,1 622,T2964
Klippans bruk,Klippans kommun,364,60,607,T2968
Klockestrand,Kramfors kommun,284,85,334,T7516
Klockrike,Motala kommun,255,41,622,T1136
Klutmark,Skellefteå kommun,201,72,279,T8218
Klågerup,Svedala kommun,2 277,117,1 946,T3532
Klädesholmen,Tjörns kommun,322,30,1 073,T4440
Kläppa,Kungsbacka kommun,735,147,500,T3998
Klässbol,Arvika kommun,309,97,319,T5712
Klövedal,Tjörns kommun,596,272,219,T4442
Klöverträsk,Luleå kommun,240,64,375,T8680
Klövsjö,Bergs kommun,343,337,102,T7886
Knislinge,Östra Göinge kommun,3 379,294,1 149,T2972
Knivsta,Knivsta kommun,8 440,423,1 995,T0576
Knutby,Uppsala kommun,692,132,524,T0580
Knäred,Laholms kommun,1 219,292,418,T4000
Kode,Kungälvs kommun,1 665,164,1 015,T4444
Kolbäck,Hallstahammars kommun,2 055,209,983,T6244
Kolsva,Köpings kommun,2 378,223,1 066,T6248
Konga,Tingsryds kommun,458,100,458,T1892
Kopparberg,Ljusnarsbergs kommun,2 900,512,566,T6016
Kopparmora,Värmdö kommun,2 302,737,312,T0214
Koppom,Eda kommun,625,228,274,T5716
Korpilombolo,Pajala kommun,507,111,457,T8688
Korsberga,Vetlanda kommun,750,115,652,T1752
Korsberga,Hjo kommun,210,54,389,T5332
Korsgården,Falu kommun,924,176,525,T6458
Korsträsk,Älvsbyns kommun,330,56,589,T8692
Kortebo,Jönköpings kommun,867,112,774,T1554
Koskullskulle,Gällivare kommun,1 193,134,890,T8694
Kosta,Lessebo kommun,915,174,526,T1896
Kovikshamn,Kungälvs kommun,518,210,247,T4446
Koviksudde och Skeviksstrand,Värmdö kommun,338,92,367,T0370
Kovland,Sundsvalls kommun,464,58,800,T7520
Kramfors,Kramfors kommun,6 881,861,799,T7524
Kristdala,Oskarshamns kommun,974,180,541,T2288
Kristevik och Sundsandvik,Uddevalla kommun,406,145,280,T4632
Kristianstad,Kristianstads kommun,41 299,2 159,1 913,T2980
Kristinehamn,Kristinehamns kommun,18 597,1 456,1 277,T5720
Kristvallabrunn,Nybro kommun,221,62,357,T2292
Krokek,Norrköpings kommun,5 139,579,888,T1140
Krokom,Krokoms kommun,1 870,161,1 162,T7888
Krägga,Håbo kommun,628,126,498,T0584
Kränge,Linköpings kommun,253,52,487,T1142
Kullaberg och Tvååker,Varbergs kommun,207,63,329,T4230
Kullersta,Eskilstuna kommun,466,258,181,T0786
Kulltorp,Gnosjö kommun,360,70,514,T1556
Kullö,Vaxholms kommun,1 016,46,2 209,T0222
Kumla,Kumla kommun,17 253,1 128,1 530,T6020
Kummelnäs,Nacka kommun,4 869,611,797,T0216
Kungsbacka,Kungsbacka kommun,23 830,1 168,2 040,T4008
Kungsberga,Ekerö kommun,917,253,363,T0218
Kungsgården,Sandvikens kommun,776,168,462,T7168
Kungshamn,Sotenäs kommun,3 456,363,952,T4448
Kungshult,Eslövs kommun,394,47,838,T3540
Kungsängen,Upplands-Bro kommun,12 513,475,2 634,T0220
Kungsäter,Varbergs kommun,408,98,416,T4012
Kungsör,Kungsörs kommun,5 913,436,1 356,T6256
Kungälv,Kungälvs kommun,19 890,1 097,1 813,T4452
Kurland,Trelleborgs kommun,626,40,1 565,T3538
Kurveröd,Uddevalla kommun,1 405,67,2 097,T4454
Kusmark,Skellefteå kommun,470,128,367,T8224
Kuttainen,Kiruna kommun,211,56,377,T8704
Kvegerö,Nyköpings kommun,224,210,107,T0794
Kvibille,Halmstads kommun,974,100,974,T4016
Kvicksund,Västerås kommun,2 209,462,478,T0792
Kvidinge,Åstorps kommun,1 972,184,1 072,T2984
Kvillsfors,Vetlanda kommun,493,95,519,T1560
Kvissleby,Sundsvalls kommun,5 145,608,846,T7532
Kvista,Upplands-Bro kommun,369,8,4 613,T0460
Kvänum,Vara kommun,1 320,176,750,T5336
Kvärlöv,Landskrona kommun,253,46,550,T3542
Kyrkeby och Nereby,Kungälvs kommun,361,128,282,T4376
Kyrkesund,Tjörns kommun,527,556,95,T4460
Kyrkheddinge,Staffanstorps kommun,250,51,490,T3543
Kyrkhult,Olofströms kommun,953,166,574,T2684
Kyrksten,Storfors kommun,263,32,822,T5722
Kåge,Skellefteå kommun,2 275,272,836,T8228
Kågeröd,Svalövs kommun,1 544,180,858,T3544
Kåhög,Partille kommun,896,54,1 659,T4464
Kållekärr,Tjörns kommun,704,77,914,T4468
Kånna,Ljungby kommun,314,47,668,T1900
Kårsta,Vallentuna kommun,526,80,658,T0224
Kälarne,Bräcke kommun,377,137,275,T7896
Källby,Götene kommun,1 771,223,794,T5340
Källhagen,Gävle kommun,504,179,282,T7170
Källö-Knippla,Öckerö kommun,307,34,903,T4476
Kärda,Värnamo kommun,333,45,740,T1564
Kärna,Kungälvs kommun,1 157,118,981,T4480
Kärsta,Västerås kommun,256,29,883,T6266
Kättilsmåla,Karlskrona kommun,251,62,405,T2686
Kättilstorp,Falköpings kommun,238,53,449,T5344
Kävlinge,Kävlinge kommun,10 026,486,2 063,T3552
Köinge,Falkenbergs kommun,219,49,447,T4020
Köping,Köpings kommun,18 711,1 007,1 858,T6268
Köpingebro,Ystads kommun,1 265,115,1 100,T3556
Köpmanholmen,Örnsköldsviks kommun,1 179,250,472,T7540
Lagan,Ljungby kommun,1 642,242,679,T1904
Laggarsvik och Linanäs,Österåkers kommun,327,388,84,T0270
Laholm,Laholms kommun,6 922,543,1 275,T4028
Lammhult,Växjö kommun,1 751,190,922,T1908
Landeryd,Hylte kommun,393,85,462,T4032
Landfjärden,Nynäshamns kommun,280,129,217,T0226
Landsbro,Vetlanda kommun,1 510,211,716,T1568
Landskrona,Landskrona kommun,33 372,1 295,2 577,T3560
Landvetter,Härryda kommun,9 243,887,1 042,T4484
Lanesund och Överby,Uddevalla kommun,566,95,596,T4482
Lanna,Värnamo kommun,354,101,351,T1572
Larv,Vara kommun,227,82,277,T5346
Latorpsbruk,Örebro kommun,778,125,622,T6032
Laxvik,Halmstads kommun,483,65,743,T4034
Laxå,Laxå kommun,3 200,424,755,T6036
Lekeryd,Jönköpings kommun,777,78,996,T1576
Leksand,Leksands kommun,6 401,942,680,T6608
Lenhovda,Uppvidinge kommun,1 769,238,743,T1912
Lerbäckshult,Ängelholms kommun,623,154,405,T2986
Lerdala,Skövde kommun,540,141,383,T5348
Lerum,Lerums kommun,28 491,2 495,1 142,T4920
Lesjöfors,Filipstads kommun,736,176,418,T5732
Lessebo,Lessebo kommun,3 051,340,897,T1916
Liatorp,Älmhults kommun,540,88,614,T1920
Lidatorp och Klövsta,Nynäshamns kommun,400,41,976,T0254
Liden,Sundsvalls kommun,298,86,347,T7548
Lidhult,Ljungby kommun,676,132,512,T1924
Lidingö,Lidingö kommun,44 091,1 680,2 625,T0228
Lidköping,Lidköpings kommun,23 554,1 286,1 832,T5352
Lidköping norra,Lidköpings kommun,4 287,409,1 048,T4486
Lilla Edet,Lilla Edets kommun,3 884,311,1 249,T4924
Lilla Edet västra,Lilla Edets kommun,1 615,140,1 154,T4490
Lilla Harrie,Kävlinge kommun,383,48,798,T3568
Lilla Stenby,Ekerö kommun,250,84,298,T0230
Lilla Tjärby,Laholms kommun,971,95,1 022,T4036
Lillhaga,Ljusdals kommun,381,75,508,T7178
Lillhärdal,Härjedalens kommun,354,228,155,T7904
Lillkyrka,Enköpings kommun,279,43,649,T0588
Lillpite,Piteå kommun,386,133,290,T8720
Lima,Malung-Sälens kommun,215,72,299,T6612
Limedsforsen,Malung-Sälens kommun,370,258,143,T6616
Limmared,Tranemo kommun,1 484,146,1 016,T4928
Linderöd,Kristianstads kommun,490,107,458,T2988
Lindesberg,Lindesbergs kommun,9 718,820,1 185,T6040
Lindholmen,Vallentuna kommun,1 219,128,952,T0232
Lindsdal,Kalmar kommun,5 977,406,1 472,T2300
Lindö,Norrköpings kommun,5 198,314,1 655,T1144
Lingbo,Ockelbo kommun,408,268,152,T7180
Linghed,Falu kommun,574,189,304,T6620
Linghem,Linköpings kommun,3 186,192,1 659,T1148
Linköping,Linköpings kommun,115 672,3 841,3 012,T1152
Linneryd,Tingsryds kommun,449,127,354,T1932
Listerby,Ronneby kommun,1 023,213,480,T2688
Lit,Östersunds kommun,1 182,130,909,T7908
Ljung och Annelund,Herrljunga kommun,1 212,180,673,T4712
Ljunga,Norrköpings kommun,729,95,767,T1156
Ljungaviken,Sölvesborgs kommun,353,17,2 077,T2778
Ljungby,Ljungby kommun,16 052,1 238,1 297,T1936
Ljungbyhed,Klippans kommun,2 192,357,614,T2992
Ljungbyholm,Kalmar kommun,1 827,210,870,T2304
Ljungsarp,Tranemo kommun,219,47,466,T4936
Ljungsbro,Linköpings kommun,6 783,450,1 507,T1160
Ljungskile,Uddevalla kommun,4 046,401,1 009,T4492
Ljusdal,Ljusdals kommun,7 209,729,989,T7184
Ljusfallshammar,Finspångs kommun,318,72,442,T1164
Ljusne,Söderhamns kommun,1 991,326,611,T7188
Loftahammar,Västerviks kommun,422,134,315,T2308
Lomma,Lomma kommun,13 772,593,2 322,T3576
Los,Ljusdals kommun,332,158,210,T7192
Lotorp,Finspångs kommun,660,98,674,T1168
Lottefors,Bollnäs kommun,358,98,365,T7196
Lucksta,Sundsvalls kommun,596,156,382,T7560
Luddingsbo,Söderköpings kommun,237,59,402,T1162
Ludvika,Ludvika kommun,15 612,1 117,1 398,T6624
Lugnet och Skälsmara,Värmdö kommun,701,292,240,T0314
Lugnvik,Kramfors kommun,298,116,257,T7564
Lugnås,Mariestads kommun,608,110,553,T5356
Luleå,Luleå kommun,49 123,2 856,1 720,T8724
Lund,Lunds kommun,94 393,2 652,3 559,T3584
Lund,Gävle kommun,471,120,393,T7198
Lundby,Kungälvs kommun,270,63,429,T4494
Lundby och Malm,Norrköpings kommun,227,40,568,T1354
Lunde,Kramfors kommun,335,129,260,T7568
Lundsbrunn,Götene kommun,901,129,698,T5360
Lunnarp,Tomelilla kommun,326,57,572,T2996
Lunne,Östersunds kommun,268,128,209,T7906
Lurudden,Ekerö kommun,229,57,402,T0246
Lustigkulla och Gröndal,Hallstahammars kommun,493,63,783,T6226
Lycksele,Lycksele kommun,8 660,772,1 122,T8232
Lycksta,Västerås kommun,270,35,771,T6262
Lyrestad,Mariestads kommun,489,70,699,T5364
Lysekil,Lysekils kommun,7 702,479,1 608,T4496
Lysvik,Sunne kommun,330,88,375,T5744
Långared,Alingsås kommun,281,121,232,T4502
Långasand och Ugglarp,Falkenbergs kommun,417,267,156,T4048
Långasjö,Emmaboda kommun,342,82,417,T2312
Långsele,Sollefteå kommun,1 550,244,635,T7572
Långshyttan,Hedemora kommun,1 438,278,517,T6632
Långvik,Värmdö kommun,1 246,301,414,T0234
Långviksmon,Örnsköldsviks kommun,200,58,345,T7576
Långås,Falkenbergs kommun,584,75,779,T4040
Läby,Uppsala kommun,227,35,649,T0590
Läckeby,Kalmar kommun,955,124,770,T2316
Länghem,Tranemo kommun,1 111,143,777,T4940
Länna,Uppsala kommun,670,104,644,T0592
Läppe,Vingåkers kommun,249,139,179,T0808
Lärbro,Region Gotland,449,76,591,T2528
Löberöd,Eslövs kommun,1 287,140,919,T3588
Löddeköpinge,Kävlinge kommun,6 707,409,1 640,T3592
Löderup,Ystads kommun,626,86,728,T3596
Lödöse,Lilla Edets kommun,1 871,189,990,T4944
Lögdeå,Nordmalings kommun,571,180,317,T8236
Lönsboda,Osby kommun,1 943,267,728,T3000
Lörby,Sölvesborgs kommun,263,88,299,T2692
Löttorp,Borgholms kommun,576,433,133,T2324
Lövestad,Sjöbo kommun,671,107,627,T3600
Lövstalöt,Uppsala kommun,1 445,94,1 537,T0596
Lövånger,Skellefteå kommun,804,139,578,T8240
Löwenströmska lasarettet,Upplands Väsby kommun,581,68,854,T0236
Madängsholm,Tidaholms kommun,397,65,611,T5368
Magra,Alingsås kommun,204,62,329,T4530
Mala,Hässleholms kommun,223,81,275,T3008
Malmberget,Gällivare kommun,927,164,565,T8732
Malmberget östra,Gällivare kommun,397,91,436,T8730
Malmbäck,Nässjö kommun,1 112,188,592,T1584
Malmen,Västerås kommun,1 035,82,1 262,T6270
Malmköping,Flens kommun,2 180,142,1 535,T0796
Malmslätt,Linköpings kommun,4 963,273,1 818,T1172
Malmö,Malmö kommun,324 002,7 705,4 205,T3604
Malmön,Sotenäs kommun,267,105,254,T4500
Malsta,Norrtälje kommun,213,56,380,T0462
Malung,Malung-Sälens kommun,5 014,1 045,480,T6636
Malungsfors,Malung-Sälens kommun,557,276,202,T6640
Malå,Malå kommun,1 998,251,796,T8244
Mantorp,Mjölby kommun,3 973,349,1 138,T1176
Marbystrand,Norrköpings kommun,292,64,456,T1178
Marbäck,Ulricehamns kommun,510,70,729,T4948
Margretetorp,Ängelholms kommun,260,70,371,T3010
Mariannelund,Eksjö kommun,1 591,225,707,T1588
Marieby,Östersunds kommun,470,203,232,T7910
Mariefred,Strängnäs kommun,4 247,300,1 416,T0800
Marieholm,Eslövs kommun,1 741,142,1 226,T3608
Marielund,Uppsala kommun,305,129,236,T0598
Marielund,Strängnäs kommun,914,41,2 229,T0798
Mariestad,Mariestads kommun,16 566,1 176,1 409,T5372
Markaryd,Markaryds kommun,5 123,697,735,T1940
Marma,Älvkarleby kommun,337,51,661,T0600
Marmaskogen,Söderhamns kommun,1 214,192,632,T7212
Marmaverken,Söderhamns kommun,344,75,459,T7208
Marmorbyn,Vingåkers kommun,388,55,706,T0802
Marstrand,Kungälvs kommun,379,33,1 149,T4504
Matfors,Sundsvalls kommun,3 405,471,723,T7580
Medle,Skellefteå kommun,557,157,355,T8248
Medåker,Arboga kommun,205,51,402,T6272
Mehedeby,Tierps kommun,407,64,636,T0604
Mellansel,Örnsköldsviks kommun,749,191,392,T7584
Mellbystrand,Laholms kommun,4 193,847,495,T4044
Mellerud,Melleruds kommun,3 991,321,1 243,T4952
Mellösa,Flens kommun,544,100,544,T0804
Merlänna,Strängnäs kommun,393,52,756,T0806
Mjällby,Sölvesborgs kommun,1 365,227,601,T2696
Mjällom,Kramfors kommun,202,109,185,T7588
Mjöbäck,Svenljunga kommun,298,77,387,T4956
Mjöhult,Höganäs kommun,305,43,709,T3612
Mjölby,Mjölby kommun,13 947,885,1 576,T1180
Mjönäs,Hagfors kommun,247,121,204,T5752
Mockfjärd,Gagnefs kommun,2 031,388,524,T6644
Mogata,Söderköpings kommun,287,45,638,T1184
Mohed,Söderhamns kommun,509,185,275,T7214
Moheda,Alvesta kommun,1 854,255,727,T1944
Moholm,Töreboda kommun,576,102,565,T5376
Moliden,Örnsköldsviks kommun,288,66,436,T7592
Molkom,Karlstads kommun,1 884,252,748,T5756
Mollösund,Orusts kommun,208,122,171,T4508
Mora,Mora kommun,12 826,1 719,746,T6648
Morgongåva,Heby kommun,1 464,149,983,T6276
Morup,Falkenbergs kommun,331,87,381,T4052
Motala,Motala kommun,31 340,2 028,1 545,T1188
Mullhyttan,Lekebergs kommun,542,141,384,T6056
Mullsjö,Mullsjö kommun,5 749,540,1 065,T5380
Munga,Västerås kommun,313,100,313,T6278
Munka-Ljungby,Ängelholms kommun,3 427,302,1 135,T3012
Munkedal,Munkedals kommun,4 201,565,744,T4512
Munkfors,Munkfors kommun,2 900,609,476,T5760
Munktorp,Köpings kommun,434,52,835,T6280
Muskö,Haninge kommun,258,68,379,T0238
Myckle,Skellefteå kommun,436,109,400,T8252
Myresjö,Vetlanda kommun,724,115,630,T1600
Myrviken,Bergs kommun,291,92,316,T7912
Målerås,Nybro kommun,180,78,231,T2332
Målilla,Hultsfreds kommun,1 429,323,442,T2336
Målsta,Östersunds kommun,358,122,293,T7914
Månkarbo,Tierps kommun,645,102,632,T0608
Måttsund,Luleå kommun,642,155,414,T8752
Märsta,Sigtuna kommun,29 781,670,4 445,T0240
Märsön,Enköpings kommun,228,180,127,T0692
Möklinta,Sala kommun,310,87,356,T6284
Mölle,Höganäs kommun,575,86,669,T3616
Mölltorp,Karlsborgs kommun,1 084,148,732,T5384
Mölnbo,Södertälje kommun,1 131,150,754,T0244
Mölnlycke,Härryda kommun,18 392,1 159,1 587,T4520
Mönsterås,Mönsterås kommun,5 165,500,1 033,T2340
Mörarp,Helsingborgs kommun,1 946,127,1 532,T3620
Mörbylånga,Mörbylånga kommun,1 802,232,777,T2344
Mörlunda,Hultsfreds kommun,828,233,355,T2348
Mörrum,Karlshamns kommun,4 003,464,863,T2700
Mörsil,Åre kommun,851,133,640,T7916
Naglarby,Säters kommun,355,81,438,T6494
Nedansjö,Sundsvalls kommun,266,87,306,T7596
Nedre Gärdsjö,Rättviks kommun,372,192,194,T6660
Nibble,Södertälje kommun,249,48,519,T0344
Nikkala,Haparanda kommun,403,116,347,T8768
Nissafors,Gnosjö kommun,301,50,602,T1604
Nitta,Ulricehamns kommun,361,51,708,T4968
Nittorp,Tranemo kommun,198,35,566,T4970
Njurundabommen,Sundsvalls kommun,2 793,335,834,T7600
Njutånger,Hudiksvalls kommun,828,167,496,T7216
Nolsjö,Österåkers kommun,560,279,201,T0334
Nolvik,Göteborgs kommun,1 489,187,796,T4522
Nora,Nora kommun,6 653,605,1 100,T6060
Norberg,Norbergs kommun,4 487,677,663,T6292
Nordanå,Staffanstorps kommun,282,40,705,T3840
Nordanö,Avesta kommun,454,47,966,T6664
Nordingrå,Kramfors kommun,250,64,391,T7604
Nordkroken,Vänersborgs kommun,450,72,625,T4974
Nordmaling,Nordmalings kommun,2 656,298,891,T8256
Nordvära och Källstorp,Varbergs kommun,265,120,221,T4024
Nordöstra Göteborg,Göteborgs kommun,47 211,1 085,4 351,T4364
Norje,Sölvesborgs kommun,827,291,284,T2708
Norr Amsberg,Borlänge kommun,237,69,344,T6666
Norra Bro,Örebro kommun,941,148,636,T6064
Norra Ingaröstrand,Värmdö kommun,877,456,192,T0198
Norra Lagnö,Värmdö kommun,377,94,401,T0250
Norra Muskö,Haninge kommun,229,466,49,T0258
Norra Riksten,Botkyrka kommun,2 870,60,4 783,T0282
Norra Rörum,Höörs kommun,230,47,489,T3622
Norra Vindö,Värmdö kommun,263,496,53,T0440
Norra Visby,Region Gotland,670,151,444,T2506
Norraby,Tranås kommun,246,34,724,T1758
Norrbo och Västansjö,Ludvika kommun,265,185,143,T6842
Norrfjärden,Piteå kommun,1 591,250,636,T8776
Norr-Hede,Härjedalens kommun,225,82,274,T7920
Norrhult-Klavreström,Uppvidinge kommun,1 215,279,436,T1948
Norrköping,Norrköpings kommun,97 854,3 689,2 653,T1192
Norrmjöle,Umeå kommun,219,152,144,T8260
Norrsundet,Gävle kommun,1 003,256,392,T7228
Norrtälje,Norrtälje kommun,21 917,1 036,2 116,T0252
Norsholm,Norrköpings kommun,556,56,993,T1196
Norsjö,Norsjö kommun,2 024,252,803,T8268
Nossebro,Essunga kommun,1 941,187,1 038,T5388
Nusnäs,Mora kommun,778,305,255,T6672
Nya Långenäs,Härryda kommun,342,33,1 036,T4526
Nyborg,Kalix kommun,795,189,421,T8928
Nybro,Nybro kommun,13 583,1 089,1 247,T2352
Nybrostrand,Ystads kommun,1 311,141,930,T3632
Nye,Vetlanda kommun,193,57,339,T1606
Nyehusen,Kristianstads kommun,310,265,117,T3018
Nygård,Lilla Edets kommun,472,100,472,T4978
Nygårds hagar,Nykvarns kommun,232,23,1 009,T0262
Nyhagen och Översättra,Österåkers kommun,671,76,883,T0306
Nyhammar,Ludvika kommun,987,245,403,T6676
Nykil,Linköpings kommun,396,50,792,T1200
Nykroppa,Filipstads kommun,721,188,384,T5772
Nykvarn,Nykvarns kommun,7 819,572,1 367,T0260
Nykyrka,Motala kommun,398,56,711,T1204
Nyköping,Nyköpings kommun,33 916,1 514,2 240,T0812
Nyland,Kramfors kommun,826,183,451,T7616
Nymölla,Bromölla kommun,273,137,199,T3020
Nynäshamn,Nynäshamns kommun,15 108,723,2 090,T0264
Nysättra,Norrtälje kommun,268,139,193,T0346
Nälden,Krokoms kommun,995,130,765,T7932
Näs,Hallstahammars kommun,1 035,127,815,T6225
Näsbyn,Hudiksvalls kommun,215,97,222,T7392
Nässjö,Nässjö kommun,18 472,1 150,1 606,T1608
Näsum,Bromölla kommun,1 339,266,503,T3024
Näsviken,Hudiksvalls kommun,967,183,528,T7232
Näsviken,Strömsunds kommun,218,82,266,T7934
Näsåker,Sollefteå kommun,509,138,369,T7620
Nättraby,Karlskrona kommun,3 298,343,962,T2712
Nävekvarn,Nyköpings kommun,779,114,683,T0816
Nävragöl,Karlskrona kommun,222,43,516,T2716
Nöbbele,Växjö kommun,245,53,462,T1952
Nödinge-Nol,Ale kommun,11 476,863,1 330,T4976
Obbola,Umeå kommun,2 186,230,950,T8280
Ockelbo,Ockelbo kommun,2 984,461,647,T7236
Odensbacken,Örebro kommun,1 323,158,837,T6076
Odensberg,Falköpings kommun,291,44,661,T5392
Oknö,Mönsterås kommun,377,143,264,T2354
Oleby,Torsby kommun,353,125,282,T5780
Olofsbo,Falkenbergs kommun,234,144,163,T4232
Olofstorp,Göteborgs kommun,4 142,332,1 248,T4528
Olofström,Olofströms kommun,7 769,675,1 151,T2720
Olsfors,Bollebygds kommun,612,71,862,T4984
Olshammar,Askersunds kommun,238,85,280,T6080
Onsala,Kungsbacka kommun,12 415,1 345,923,T4054
Onslunda,Tomelilla kommun,509,58,878,T3028
Ormaryd,Nässjö kommun,213,63,338,T1614
Ornäs,Borlänge kommun,1 082,123,880,T6692
Orrefors,Nybro kommun,758,129,588,T2356
Orrhammar,Flens kommun,248,110,226,T0822
Orrviken,Östersunds kommun,307,66,465,T7938
Orsa,Orsa kommun,5 793,1 655,350,T6696
Osby,Osby kommun,7 766,939,827,T3032
Osbyholm,Hörby kommun,307,44,698,T3636
Oskar-Fredriksborg,Vaxholms kommun,1 390,182,764,T0268
Oskarshamn,Oskarshamns kommun,18 907,1 485,1 273,T2360
Oskarström,Halmstads kommun,4 157,343,1 212,T4056
Ostvik,Skellefteå kommun,543,140,388,T8284
Otterbäcken,Gullspångs kommun,614,118,520,T5396
Oxelösund,Oxelösunds kommun,11 396,1 128,1 010,T0820
Oxhalsö,Norrtälje kommun,224,350,64,T0464
Oxie,Malmö kommun,13 562,560,2 422,T3640
Oxnö och Svärdsö,Nynäshamns kommun,336,385,87,T0386
Pajala,Pajala kommun,2 013,309,652,T8780
Parksidan,Ekerö kommun,961,57,1 686,T0182
Pauliström,Vetlanda kommun,218,60,363,T1620
Persberg,Filipstads kommun,200,45,444,T5784
Pershagen,Södertälje kommun,2 190,106,2 066,T0272
Perstorp,Perstorps kommun,6 091,576,1 058,T3036
Persön,Luleå kommun,223,63,354,T8788
Pilgrimstad,Bräcke kommun,373,80,466,T7944
Piperskärr,Västerviks kommun,645,102,632,T2364
Piteå,Piteå kommun,23 181,2 298,1 009,T8792
Porjus,Jokkmokks kommun,265,46,576,T8796
Prästängen,Arvika kommun,485,28,1 732,T5786
Pukavik,Sölvesborgs kommun,345,117,295,T2724
Påarp,Helsingborgs kommun,5 752,397,1 449,T3644
Pålsboda,Hallsbergs kommun,1 643,157,1 047,T6088
Påläng,Kalix kommun,223,74,301,T8804
Påryd,Kalmar kommun,666,125,533,T2368
Påskallavik,Oskarshamns kommun,1 069,117,914,T2372
Rabbalshede,Tanums kommun,274,73,375,T4532
Ramdala,Karlskrona kommun,274,76,361,T2728
Ramnäs,Surahammars kommun,1 216,117,1 039,T6296
Ramsberg,Lindesbergs kommun,202,112,180,T6092
Ramsele,Sollefteå kommun,808,216,374,T7628
Ramstalund,Uppsala kommun,353,31,1 139,T0606
Ramvik,Härnösands kommun,415,71,585,T7632
Ransta,Sala kommun,862,110,784,T6300
Rappestad,Linköpings kommun,247,42,588,T1212
Reftele,Gislaveds kommun,1 311,186,705,T1624
Rejmyre,Finspångs kommun,884,126,702,T1216
Rengsjö,Bollnäs kommun,243,57,426,T7252
Repbäcken,Borlänge kommun,234,87,269,T6704
Resarö,Vaxholms kommun,3 212,349,920,T0276
Revingeby,Lunds kommun,532,66,806,T3648
Riala,Norrtälje kommun,361,130,278,T0278
Riddarhyttan,Skinnskattebergs kommun,296,75,395,T6304
Rimbo,Norrtälje kommun,5 223,348,1 501,T0280
Rimforsa,Kinda kommun,2 314,278,832,T1220
Ringarum,Valdemarsviks kommun,606,122,497,T1224
Rinkaby,Kristianstads kommun,749,126,594,T3040
Rinkabyholm,Kalmar kommun,1 663,132,1 260,T2376
Risby,Kungälvs kommun,244,78,313,T4536
Risögrund,Kalix kommun,609,85,717,T8812
Robertsfors,Robertsfors kommun,2 010,214,939,T8292
Robertsholm,Hofors kommun,389,51,763,T7254
Rockhammar,Lindesbergs kommun,270,74,365,T6096
Rockneby,Kalmar kommun,980,176,557,T2380
Roknäs,Piteå kommun,1 276,320,399,T8816
Rolfstorp,Varbergs kommun,588,86,684,T4060
Roma,Region Gotland,1 198,231,519,T2532
Romme,Borlänge kommun,1 725,446,387,T6706
Ronneby,Ronneby kommun,12 797,820,1 561,T2732
Ronnebyhamn,Ronneby kommun,732,195,375,T2734
Rosenfors,Hultsfreds kommun,288,72,400,T2384
Rosenlund,Tranemo kommun,294,38,774,T4988
Rosersberg,Sigtuna kommun,1 829,312,586,T0284
Rossö,Strömstads kommun,205,153,134,T5544
Rossön,Strömsunds kommun,324,186,174,T7948
Rosvik,Piteå kommun,1 868,307,609,T8824
Rot,Älvdalens kommun,723,270,268,T6708
Roteberg,Ovanåkers kommun,388,86,451,T7256
Rottne,Växjö kommun,2 434,198,1 229,T1956
Rottneros,Sunne kommun,402,120,335,T5788
Rud,Hammarö kommun,495,158,313,T5790
Ruda,Högsby kommun,612,128,478,T2388
Rundvik,Nordmalings kommun,800,171,468,T8296
Runemo,Ovanåkers kommun,257,79,325,T7258
Runtuna,Nyköpings kommun,195,35,557,T0828
Rusksele,Lycksele kommun,208,69,301,T8300
Rutvik,Luleå kommun,871,96,907,T8828
Rya,Härryda kommun,375,93,403,T4542
Ryd,Jönköpings kommun,213,59,361,T1628
Ryd,Tingsryds kommun,1 450,227,639,T1960
Rydaholm,Värnamo kommun,1 629,168,970,T1632
Rydal,Marks kommun,434,69,629,T4992
Rydbo,Österåkers kommun,580,42,1 381,T0292
Rydboholm,Borås kommun,985,116,849,T4996
Rydebäck,Helsingborgs kommun,6 480,310,2 090,T3652
Rydsgård,Skurups kommun,1 400,155,903,T3656
Rydsnäs,Ydre kommun,282,86,328,T1228
Rydöbruk,Hylte kommun,408,83,492,T4068
Rynge och Vallösa,Ystads kommun,226,117,193,T3138
Ryssby,Ljungby kommun,776,158,491,T1964
Råby,Håbo kommun,971,136,714,T0618
Råda,Hagfors kommun,438,105,417,T5792
Råneå,Luleå kommun,2 034,242,841,T8832
Rångedala,Borås kommun,421,111,379,T5000
Rånnaväg,Ulricehamns kommun,336,51,659,T5004
Rånäs,Norrtälje kommun,423,48,881,T0294
Rälla,Borgholms kommun,409,101,405,T2266
Ränneslöv,Laholms kommun,453,87,521,T4072
Rätan,Bergs kommun,193,85,227,T7924
Rättarboda,Upplands-Bro kommun,353,47,751,T0286
Rättvik,Rättviks kommun,5 322,1 234,431,T6716
Rävemåla,Tingsryds kommun,302,80,378,T1968
Rävlanda,Härryda kommun,1 568,164,956,T4544
Röbäck,Umeå kommun,2 545,200,1 273,T8304
Röda holme,Kungsbacka kommun,673,201,335,T3898
Rödeby,Karlskrona kommun,3 516,375,938,T2736
Rödån,Habo kommun,276,121,228,T1534
Röke,Hässleholms kommun,184,79,233,T3044
Rönneshytta,Askersunds kommun,196,50,392,T6104
Rönnäng,Tjörns kommun,1 628,252,646,T4548
Rörtången och Ödsmåls mosse,Kungälvs kommun,446,129,346,T4652
Rörvik,Sävsjö kommun,590,119,496,T1636
Rörö,Öckerö kommun,250,58,431,T4552
Röstånga,Svalövs kommun,927,137,677,T3660
Sala,Sala kommun,13 608,1 038,1 311,T6312
Salbohed,Sala kommun,230,72,319,T6316
Saleby,Lidköpings kommun,224,50,448,T5404
Saltsjöbaden,Nacka kommun,9 463,523,1 809,T0296
Sandared,Borås kommun,3 394,285,1 191,T5010
Sandarne,Söderhamns kommun,1 641,301,545,T7268
Sandhem,Mullsjö kommun,700,109,642,T5408
Sandhult,Borås kommun,571,63,906,T5012
Sandskogen,Kävlinge kommun,730,73,1 000,T3662
Sandslån,Kramfors kommun,332,150,221,T7636
Sandviken,Södertälje kommun,433,151,287,T0310
Sandviken,Sandvikens kommun,25 344,1 714,1 479,T7272
Sangis,Kalix kommun,504,185,272,T8836
Sankt Olof,Simrishamns kommun,692,115,602,T3048
Saxdalen,Ludvika kommun,638,217,294,T6720
Saxnäs,Mörbylånga kommun,508,133,382,T2396
Saxtorpsskogen,Landskrona kommun,1 245,202,616,T3718
Segersta,Bollnäs kommun,248,98,253,T7276
Segersäng,Nynäshamns kommun,765,83,922,T0330
Segmon,Grums kommun,432,87,497,T5796
Selja,Mora kommun,551,144,383,T6724
Selånger,Sundsvalls kommun,339,114,297,T7642
Sennan,Halmstads kommun,370,69,536,T4076
Seskarö,Haparanda kommun,387,108,358,T8840
Sexdrega,Svenljunga kommun,813,123,661,T5016
Sibbhult,Östra Göinge kommun,1 408,158,891,T3052
Sibble,Botkyrka kommun,343,95,361,T0298
Sibo,Bollnäs kommun,248,129,192,T7280
Sidensjö,Örnsköldsviks kommun,377,128,295,T7644
Sifferbo,Gagnefs kommun,414,79,524,T6728
Signehög och Norrmannebo,Kungälvs kommun,255,96,266,T4558
Sigtuna,Sigtuna kommun,9 377,547,1 714,T0300
Siljansnäs,Leksands kommun,1 291,467,276,T6732
Silverdalen,Hultsfreds kommun,666,125,533,T2400
Simlångsdalen,Halmstads kommun,673,108,623,T4080
Simonstorp,Norrköpings kommun,261,45,580,T1232
Simrishamn,Simrishamns kommun,6 844,481,1 423,T3060
Sjuhalla,Karlskrona kommun,228,66,346,T2742
Sjulsmark,Piteå kommun,333,73,456,T8846
Sjunnen,Vetlanda kommun,412,52,792,T1644
Sjunnerup,Höörs kommun,333,147,227,T3064
Sjuntorp,Trollhättans kommun,2 158,280,771,T5020
Själsö,Region Gotland,416,222,187,T2538
Sjöbo,Sjöbo kommun,8 418,765,1 100,T3664
Sjögestad,Linköpings kommun,279,32,872,T1236
Sjömarken och Viared,Borås kommun,3 827,692,553,T5008
Sjörröd,Hässleholms kommun,1 450,183,792,T3062
Sjösa,Nyköpings kommun,478,63,759,T0832
Sjöskogen och Strand,Uddevalla kommun,460,164,281,T4626
Sjötorp,Mariestads kommun,411,92,447,T5412
Sjövik,Lerums kommun,1 065,97,1 098,T5032
Skanör med Falsterbo,Vellinge kommun,7 452,586,1 272,T3672
Skara,Skara kommun,11 558,834,1 386,T5420
Skarpö,Vaxholms kommun,257,104,247,T0446
Skattkärr,Karlstads kommun,1 961,169,1 160,T5800
Skattungbyn,Orsa kommun,350,226,155,T6736
Skavkulla och Skillingenäs,Karlskrona kommun,881,176,501,T2738
Skebobruk,Norrtälje kommun,231,92,251,T0308
Skebokvarn,Flens kommun,204,66,309,T0836
Skeda udde,Linköpings kommun,401,37,1 084,T1238
Skedala,Halmstads kommun,365,50,730,T4084
Skede,Vetlanda kommun,288,87,331,T1648
Skedvi kyrkby,Säters kommun,400,79,506,T6764
Skee,Strömstads kommun,782,88,889,T4556
Skegrie,Trelleborgs kommun,1 325,101,1 312,T3676
Skelleftehamn,Skellefteå kommun,3 213,298,1 078,T8308
Skellefteå,Skellefteå kommun,36 395,2 460,1 480,T8312
Skepplanda,Ale kommun,1 875,153,1 226,T5036
Skeppshult,Gislaveds kommun,378,93,407,T1652
Skeppsvik,Nyköpings kommun,214,143,150,T0838
Skiftinge,Eskilstuna kommun,5 146,199,2 586,T0842
Skillingaryd,Vaggeryds kommun,4 269,394,1 084,T1656
Skillinge,Simrishamns kommun,923,231,400,T3072
Skinnskatteberg,Skinnskattebergs kommun,2 258,270,836,T6320
Skivarp,Skurups kommun,1 357,153,887,T3680
Skoby,Östhammars kommun,238,60,397,T0614
Skoghall,Hammarö kommun,14 407,1 199,1 202,T5804
Skogsby,Mörbylånga kommun,979,264,371,T2404
Skottorp,Laholms kommun,568,90,631,T4092
Skruv,Lessebo kommun,524,120,437,T1976
Skultorp,Skövde kommun,3 872,306,1 265,T5424
Skultuna,Västerås kommun,3 391,196,1 730,T6324
Skumparp,Malmö kommun,245,23,1 065,T3682
Skurup,Skurups kommun,8 584,587,1 462,T3684
Skutskär,Älvkarleby kommun,7 259,971,748,T0616
Skyttorp,Uppsala kommun,641,88,728,T0620
Skålö,Vansbro kommun,297,230,129,T6738
Skånes-Fagerhult,Örkelljunga kommun,963,226,426,T3080
Skåne-Tranås,Tomelilla kommun,235,67,351,T3074
Skåpafors,Bengtsfors kommun,317,101,314,T5040
Skåre,Karlstads kommun,5 443,419,1 299,T5808
Skällinge,Varbergs kommun,653,75,871,T4100
Skällåkra och Lingome,Varbergs kommun,242,190,127,T4234
Skänninge,Mjölby kommun,3 386,306,1 107,T1244
Skärblacka,Norrköpings kommun,4 018,418,961,T1248
Skärhamn,Tjörns kommun,3 678,513,717,T4560
Skärplinge,Tierps kommun,732,110,666,T0624
Skärstad,Jönköpings kommun,514,48,1 071,T1660
Sköldinge,Katrineholms kommun,584,93,628,T0844
Sköllersta,Hallsbergs kommun,1 105,171,646,T6112
Skölsta,Uppsala kommun,550,55,1 000,T0622
Skövde,Skövde kommun,39 543,2 312,1 710,T5428
Slaka,Linköpings kommun,557,114,489,T1252
Slite,Region Gotland,983,149,660,T2536
Slite norra,Region Gotland,519,72,721,T2564
Slottsbron,Grums kommun,1 074,142,756,T5810
Slottsskogen,Håbo kommun,1 624,166,978,T0626
Slädaviken och Åssjön,Sundsvalls kommun,231,110,210,T7758
Slätthult,Lerums kommun,240,64,375,T4582
Slöinge,Falkenbergs kommun,1 095,131,836,T4104
Smedby,Kalmar kommun,3 707,242,1 532,T2408
Smedjebacken,Smedjebackens kommun,5 235,826,634,T6744
Smedseröd,Uddevalla kommun,326,31,1 052,T4586
Smedstorp,Tomelilla kommun,385,87,443,T3084
Smygehamn,Trelleborgs kommun,1 287,131,982,T3688
Smålandsstenar,Gislaveds kommun,4 560,527,865,T1664
Smögen,Sotenäs kommun,1 282,115,1 115,T4564
Snogeröd,Höörs kommun,226,35,646,T3690
Snöveltorp,Söderköpings kommun,478,80,598,T1170
Solberga,Österåkers kommun,528,143,369,T0302
Solberga,Nässjö kommun,380,76,500,T1668
Solberga och Ålem,Mönsterås kommun,184,63,292,T2490
Sollebrunn,Alingsås kommun,1 523,192,793,T5044
Sollefteå,Sollefteå kommun,8 527,985,866,T7660
Sollerön,Mora kommun,894,272,329,T6748
Solvarbo,Säters kommun,315,71,444,T6752
Sommen,Tranås kommun,766,112,684,T1672
Sonstorp,Finspångs kommun,459,74,620,T1256
Sorsele,Sorsele kommun,1 113,191,583,T8316
Sorunda,Nynäshamns kommun,1 349,139,971,T0320
Sparreholm,Flens kommun,736,114,646,T0848
Spekeröd,Stenungsunds kommun,221,96,230,T4618
Spillersboda,Norrtälje kommun,493,407,121,T0322
Spjutsbygd,Karlskrona kommun,390,63,619,T2744
Spjutstorp,Tomelilla kommun,202,40,505,T3088
Spjälkö och Saxemara,Ronneby kommun,471,210,224,T2746
Spångsholm,Mjölby kommun,237,23,1 030,T1260
Spånlöt,Österåkers kommun,473,23,2 057,T0448
Staffanstorp,Staffanstorps kommun,16 215,864,1 877,T3696
Stallarholmen,Strängnäs kommun,1 845,208,887,T0852
Stare,Strömstads kommun,186,40,465,T4620
Stava,Österåkers kommun,377,112,337,T0326
Stavreviken,Timrå kommun,205,21,976,T7668
Stavsjö,Nyköpings kommun,215,30,717,T0854
Stavsnäs,Värmdö kommun,1 871,970,193,T0324
Stehag,Eslövs kommun,1 280,102,1 255,T3700
Stenared,Göteborgs kommun,447,99,452,T4574
Stenbron,Uppsala kommun,819,22,3 723,T0694
Stenhamra,Ekerö kommun,3 636,344,1 057,T0328
Steninge,Halmstads kommun,1 186,339,350,T4106
Steningehöjden,Sigtuna kommun,1 332,35,3 806,T0380
Stenis,Mora kommun,355,141,252,T6844
Stennäset,Falu kommun,699,73,958,T6766
Stensele,Storumans kommun,462,103,449,T8320
Stensjön,Nässjö kommun,264,69,383,T1676
Stenstorp,Falköpings kommun,1 794,172,1 043,T5436
Stensättra tomtområde,Nykvarns kommun,416,116,359,T0382
Stenungsund,Stenungsunds kommun,13 909,1 226,1 135,T4568
Stenungsön,Stenungsunds kommun,252,69,365,T4578
Sticklinge udde,Lidingö kommun,3 064,130,2 357,T0332
Stigen,Färgelanda kommun,485,78,622,T5048
Stigtomta,Nyköpings kommun,1 914,176,1 088,T0856
Stilleryd,Karlshamns kommun,336,179,188,T2750
Stjärnhov,Gnesta kommun,569,111,513,T0860
Stoby,Hässleholms kommun,747,88,849,T3096
Stocka,Nordanstigs kommun,351,88,399,T7292
Stockamöllan,Eslövs kommun,300,47,638,T3704
Stockaryd,Sävsjö kommun,1 047,159,659,T1680
Stockholm,Stockholms kommun,1 611 776,41 621,3 873,T0336
Stockvik,Sundsvalls kommun,2 493,141,1 768,T7670
Stora Bugärde,Härryda kommun,431,117,368,T4570
Stora Frö och Haga Park,Mörbylånga kommun,231,122,189,T2492
Stora Herrestad,Ystads kommun,315,56,563,T3708
Stora Höga,Stenungsunds kommun,2 963,284,1 043,T4576
Stora Levene,Vara kommun,790,140,564,T5440
Stora Mellby,Alingsås kommun,364,73,499,T5052
Stora Mellösa,Örebro kommun,789,103,766,T6116
Stora Vika,Nynäshamns kommun,748,51,1 467,T0340
Storebro,Vimmerby kommun,1 025,146,702,T2412
Storfors,Storfors kommun,2 066,291,710,T5812
Storholmen,Lidingö kommun,231,36,642,T0466
Storuman,Storumans kommun,2 135,259,824,T8324
Storvik,Sandvikens kommun,2 255,267,845,T7296
Storvreta,Uppsala kommun,6 360,313,2 032,T0628
Storå,Lindesbergs kommun,1 915,462,415,T6120
"Strandskogen, Restenäs och Ulvesund",Uddevalla kommun,464,226,205,T4534
Striberg,Nora kommun,299,66,453,T6124
Strålsnäs,Boxholms kommun,407,73,558,T1264
Strångsjö,Katrineholms kommun,354,53,668,T0864
Stråssa,Lindesbergs kommun,262,54,485,T6128
Strängnäs,Strängnäs kommun,14 708,716,2 054,T0868
Strömma,Värmdö kommun,2 622,707,371,T0342
Strömsbruk,Nordanstigs kommun,362,91,398,T7304
Strömsholm,Hallstahammars kommun,701,126,556,T6328
Strömsnäsbruk,Markaryds kommun,2 354,332,709,T1980
Strömstad,Strömstads kommun,7 466,456,1 637,T4584
Strömsund,Strömsunds kommun,3 707,396,936,T7960
Strövelstorp,Ängelholms kommun,1 380,190,726,T3100
Stugun,Ragunda kommun,585,107,547,T7964
Sturefors,Linköpings kommun,3 081,170,1 812,T1272
Sturkö,Karlskrona kommun,1 366,678,202,T2740
Styrsö,Göteborgs kommun,1 340,179,749,T4588
Stånga,Region Gotland,332,113,294,T2540
Stångby,Lunds kommun,2 016,105,1 920,T3712
Stångehamn,Oskarshamns kommun,215,85,253,T2494
Stångenäs och Rixö,Lysekils kommun,239,117,204,T4318
Ställdalen,Ljusnarsbergs kommun,460,179,257,T6136
Stöcke,Umeå kommun,516,71,727,T8332
Stöcksjö,Umeå kommun,508,115,442,T8334
Stöde,Sundsvalls kommun,1 313,398,330,T7676
Stöllet,Torsby kommun,221,76,291,T5816
Stöpen,Skövde kommun,1 452,114,1 274,T5444
Sulvik,Arvika kommun,376,126,298,T5820
Sund,Trosa kommun,390,140,279,T0898
Sundborn,Falu kommun,941,196,480,T6768
Sundby,Ekerö kommun,466,75,621,T0266
Sundbyholm,Eskilstuna kommun,1 137,336,338,T0870
Sundhultsbrunn,Aneby kommun,312,46,678,T1684
Sundom,Luleå kommun,220,95,232,T8856
Sundsstrand,Uddevalla kommun,334,19,1 758,T5546
Sundsvall,Sundsvalls kommun,58 807,4 095,1 436,T7688
Sunnansjö,Ludvika kommun,602,174,346,T6772
Sunne,Sunne kommun,5 106,523,976,T5824
Sunnemo,Hagfors kommun,289,107,270,T5828
Surahammar,Surahammars kommun,6 404,489,1 310,T6332
Surte,Ale kommun,6 490,373,1 740,T5056
Svalsta,Nyköpings kommun,1 110,81,1 370,T0876
Svalöv,Svalövs kommun,4 221,268,1 575,T3716
Svanberga,Norrtälje kommun,563,93,605,T0348
Svaneholm,Säffle kommun,472,137,345,T5832
Svanesund,Orusts kommun,2 027,364,557,T4592
Svappavaara,Kiruna kommun,409,101,405,T8864
Svartbyn,Överkalix kommun,263,130,202,T8868
Svarte,Ystads kommun,929,88,1 056,T3720
Svartehallen,Stenungsunds kommun,240,59,407,T4595
Svartudden,Piteå kommun,468,31,1 510,T8870
Svartvik,Sundsvalls kommun,972,112,868,T7696
Svartå,Degerfors kommun,468,89,526,T6140
Svedala,Svedala kommun,12 685,760,1 669,T3724
Sveg,Härjedalens kommun,2 509,326,770,T7968
Svenljunga,Svenljunga kommun,3 774,449,841,T5060
Svensbyn,Piteå kommun,329,61,539,T8876
Svenshögen,Stenungsunds kommun,403,56,720,T4598
Svenstavik,Bergs kommun,1 018,161,632,T7976
Svenstorp,Ängelholms kommun,254,37,687,T3102
Svinninge,Österåkers kommun,2 816,571,493,T0350
Svängsta,Karlshamns kommun,2 022,244,829,T2748
Svärdsjö,Falu kommun,1 333,227,587,T6776
Svärtinge,Norrköpings kommun,3 622,484,748,T1276
Sya,Mjölby kommun,294,36,817,T1280
Sysslebäck,Torsby kommun,429,181,237,T5836
Sågmyra,Falu kommun,631,158,399,T6780
Säffle,Säffle kommun,9 241,817,1 131,T5840
Sälen,Malung-Sälens kommun,843,241,350,T6784
Sälgsjön,Gävle kommun,210,33,636,T7308
Sänna,Askersunds kommun,200,54,370,T6144
Särna,Älvdalens kommun,684,303,226,T6788
Säter,Säters kommun,4 721,479,986,T6792
Sätila,Marks kommun,1 162,141,824,T5064
Sätinge,Kungsbacka kommun,354,119,298,T4110
Sätra brunn,Sala kommun,324,80,405,T6336
Sävar,Umeå kommun,3 050,328,930,T8336
Sävast,Bodens kommun,3 447,422,817,T8878
Säve,Göteborgs kommun,715,69,1 036,T4596
Sävja,Uppsala kommun,9 814,389,2 523,T0632
Sävsjö,Sävsjö kommun,5 605,473,1 185,T1688
Söderby,Ekerö kommun,279,73,382,T0362
Söderby,Haninge kommun,429,190,226,T0430
Söderby-Karl,Norrtälje kommun,286,84,341,T0352
Söderbärke,Smedjebackens kommun,1 000,307,326,T6796
Söderfors,Tierps kommun,1 750,224,781,T0636
Söderhamn,Söderhamns kommun,12 213,946,1 291,T7316
Söderköping,Söderköpings kommun,7 539,507,1 487,T1284
Söderskogen,Håbo kommun,381,54,706,T0638
Södersvik,Norrtälje kommun,438,299,147,T0354
Södertälje,Södertälje kommun,75 773,2 851,2 658,T0356
Söderåkra,Torsås kommun,934,160,584,T2416
Södra Bergsbyn och Stackgrönnan,Skellefteå kommun,377,77,490,T8342
Södra Sandby,Lunds kommun,6 572,446,1 474,T3732
Södra Sunderbyn,Luleå kommun,3 085,231,1 336,T8880
Södra Vi,Vimmerby kommun,1 162,156,745,T2420
Sölvesborg,Sölvesborgs kommun,8 828,724,1 219,T2752
Sörfors,Umeå kommun,495,114,434,T8344
Sörforsa,Hudiksvalls kommun,1 522,223,683,T7320
Sörmjöle,Umeå kommun,301,68,443,T8348
Sörstafors,Hallstahammars kommun,277,39,710,T6340
Sörvik,Ludvika kommun,687,132,521,T6804
Söråker,Timrå kommun,2 414,532,454,T7700
Sösdala,Hässleholms kommun,1 911,220,869,T3104
Sövde,Sjöbo kommun,369,75,492,T3738
Sövestad,Ystads kommun,366,52,704,T3740
Taberg,Jönköpings kommun,4 507,390,1 156,T1692
Tallboda,Linköpings kommun,3 334,349,955,T1288
Tallvik,Överkalix kommun,485,103,471,T8884
Tallåsen,Ljusdals kommun,583,160,364,T7324
Tandsbyn,Östersunds kommun,443,137,323,T7984
Tanumshede,Tanums kommun,2 040,210,971,T4600
Tavelsjö,Umeå kommun,472,76,621,T8352
Teckomatorp,Svalövs kommun,1 866,129,1 447,T3744
Tenhult,Jönköpings kommun,3 150,252,1 250,T1696
Tibro,Tibro kommun,8 614,791,1 089,T5456
Tidaholm,Tidaholms kommun,8 146,617,1 320,T5460
Tidan,Skövde kommun,982,144,682,T5464
Tidö-Lindö,Västerås kommun,726,106,685,T6342
Tierp,Tierps kommun,6 260,444,1 410,T0640
Tillberga,Västerås kommun,2 081,157,1 326,T6344
Timmele,Ulricehamns kommun,772,119,649,T5068
Timmernabben,Mönsterås kommun,1 383,195,709,T2424
Timmersdala,Skövde kommun,943,118,799,T5468
Timrå,Timrå kommun,10 494,991,1 059,T7704
Tingsryd,Tingsryds kommun,3 197,418,765,T1992
Tingstäde,Region Gotland,236,76,311,T2542
Tjautjas,Gällivare kommun,240,68,353,T8886
Tjuvkil,Kungälvs kommun,1 199,331,362,T4604
Tjällmo,Motala kommun,503,77,653,T1292
Tjörnarp,Höörs kommun,896,277,324,T3748
Toarp och Tåstarp,Ängelholms kommun,225,63,357,T3132
Tobo,Tierps kommun,673,103,653,T0648
Tofta,Region Gotland,832,554,150,T2544
Tofta,Varbergs kommun,497,153,325,T4112
Toftbyn,Falu kommun,285,153,186,T6814
Tollarp,Kristianstads kommun,3 449,436,791,T3108
Tollered,Lerums kommun,871,75,1 161,T5072
Tomelilla,Tomelilla kommun,7 171,644,1 114,T3112
Tomtebo,Umeå kommun,1 228,51,2 408,T8354
Torbjörntorp,Falköpings kommun,457,89,514,T5472
Torekov,Båstads kommun,1 089,438,249,T3116
Torestorp,Marks kommun,406,75,541,T5076
Torhamn,Karlskrona kommun,553,238,232,T2760
Tormestorp,Hässleholms kommun,1 051,125,841,T3120
Torna Hällestad,Lunds kommun,747,80,934,T3480
Torpsbruk,Alvesta kommun,346,65,532,T1996
Torpshammar,Ånge kommun,443,216,205,T7708
Torreby,Munkedals kommun,260,56,464,T4554
Torsby,Torsby kommun,4 440,719,618,T5844
Torshälla,Eskilstuna kommun,9 421,933,1 010,T0880
Torskog och Svenseröd,Lilla Edets kommun,237,148,160,T5548
Torslanda,Göteborgs kommun,22 836,1 723,1 325,T4524
Torsåker,Hofors kommun,890,133,669,T7332
Torsång,Borlänge kommun,833,127,656,T6806
Torsås,Torsås kommun,2 042,313,652,T2428
Tortuna,Västerås kommun,415,58,716,T6348
Torup,Hylte kommun,1 274,154,827,T4116
Totebo,Västerviks kommun,221,48,460,T2432
Tranemo,Tranemo kommun,3 323,342,972,T5080
Tranholmen,Danderyds kommun,427,38,1 124,T0368
Transtrand,Malung-Sälens kommun,369,239,154,T6808
Tranås,Tranås kommun,14 774,1 019,1 450,T1700
Traryd,Markaryds kommun,751,164,458,T2000
Trekanten,Kalmar kommun,1 579,271,583,T2436
Trelleborg,Trelleborgs kommun,30 760,1 577,1 951,T3752
Trollhättan,Trollhättans kommun,50 374,2 601,1 937,T5084
Trosa,Trosa kommun,7 089,660,1 074,T0884
Trummenäs,Karlskrona kommun,403,74,545,T2780
Trångfors,Bodens kommun,1 839,272,676,T8888
Trångsviken,Krokoms kommun,266,56,475,T7988
Tråvad,Vara kommun,477,91,524,T5476
Trädet,Ulricehamns kommun,279,67,416,T5088
Trödje,Gävle kommun,361,93,388,T7340
Trönninge,Halmstads kommun,1 645,144,1 142,T4124
Tumba,Botkyrka kommun,42 873,1 951,2 198,T0372
Tumbo,Eskilstuna kommun,343,66,520,T0886
Tumlehed,Göteborgs kommun,854,141,606,T4510
Tuna,Södertälje kommun,411,89,462,T0374
Tuna,Vimmerby kommun,240,41,585,T2440
Tuna,Landskrona kommun,353,161,219,T3126
Tunnerstad,Jönköpings kommun,291,110,265,T1708
Tuolluvaara,Kiruna kommun,975,68,1 434,T8890
Tureholm,Ekerö kommun,1 097,329,333,T0378
Turinge och Vidbynäs,Nykvarns kommun,305,61,500,T0468
Tving,Karlskrona kommun,533,169,315,T2764
Tvååker,Varbergs kommun,2 930,286,1 025,T4132
Tvärskog,Kalmar kommun,391,79,495,T2444
Tvärålund,Vindelns kommun,337,109,309,T8356
Tye,Hammarö kommun,307,84,366,T5850
Tygelsjö,Malmö kommun,3 582,183,1 957,T3756
Tynningö,Vaxholms kommun,353,459,77,T0432
Tyringe,Hässleholms kommun,4 838,434,1 115,T3128
Tystberga,Nyköpings kommun,895,107,836,T0888
Tågarp,Svalövs kommun,460,54,852,T3760
Tånga och Rögle,Helsingborgs kommun,242,69,351,T3764
Tångaberg,Varbergs kommun,1 078,217,497,T4136
Täfteå,Umeå kommun,1 379,157,878,T8360
Täljö,Österåkers kommun,476,109,437,T0290
Tällberg,Leksands kommun,867,550,158,T6816
Tärnaby,Storumans kommun,468,159,294,T8364
Tärnsjö,Heby kommun,1 168,174,671,T6352
Tävelsås,Växjö kommun,354,62,571,T2002
Töcksfors,Årjängs kommun,1 265,219,578,T5848
Töllsjö,Bollebygds kommun,415,71,585,T5092
Töre,Kalix kommun,1 000,218,459,T8896
Töreboda,Töreboda kommun,4 723,409,1 155,T5484
Törestorp,Gnosjö kommun,274,84,326,T1714
Tösse,Åmåls kommun,327,60,545,T5096
Ubbhult norra,Marks kommun,209,61,343,T4450
Ucklum,Stenungsunds kommun,640,122,525,T4606
Uddebo,Tranemo kommun,271,64,423,T5100
Uddeholm,Hagfors kommun,592,145,408,T5852
Udden,Eskilstuna kommun,361,129,280,T0892
Uddevalla,Uddevalla kommun,35 916,1 964,1 829,T4608
Uddheden,Sunne kommun,286,75,381,T5856
Ullared,Falkenbergs kommun,748,115,650,T4140
Ullervad,Mariestads kommun,877,124,707,T5488
Ullånger,Kramfors kommun,761,194,392,T7680
Ulricehamn,Ulricehamns kommun,11 399,747,1 526,T5104
Ultuna,Uppsala kommun,1 879,124,1 515,T0654
Ulvkälla,Härjedalens kommun,390,75,520,T7996
Ulvåker,Skövde kommun,262,43,609,T5492
Umeå,Umeå kommun,90 412,3 180,2 843,T8372
Unbyn,Bodens kommun,448,94,477,T8902
Undenäs,Karlsborgs kommun,214,76,282,T5496
Undersåker,Åre kommun,650,152,428,T8000
Unnaryd,Hylte kommun,781,153,511,T4144
Upphärad,Trollhättans kommun,552,77,717,T5108
Upplanda,Tierps kommun,223,77,290,T0652
Upplands Väsby och Sollentuna,Sollentuna kommun,149 461,4 687,3 189,T0384
Uppsala,Uppsala kommun,165 456,4 301,3 847,T0656
Urshult,Tingsryds kommun,967,220,440,T2004
Ursviken,Skellefteå kommun,3 820,333,1 147,T8310
Utby,Uddevalla kommun,472,94,502,T5106
Utvälinge,Helsingborgs kommun,236,33,715,T3766
Vad,Smedjebackens kommun,300,86,349,T6820
"Vad, Åsbacka och Långrör",Söderhamns kommun,260,91,286,T7378
Vadstena,Vadstena kommun,5 714,368,1 553,T1300
Vaggeryd,Vaggeryds kommun,5 556,515,1 079,T1720
Vagnhärad,Trosa kommun,3 929,310,1 267,T0896
Valbo,Gävle kommun,6 765,666,1 016,T7344
Valdemarsvik,Valdemarsviks kommun,2 747,264,1 041,T1304
Valinge,Varbergs kommun,270,108,250,T4154
Valje,Bromölla kommun,1 069,166,644,T3136
Valla,Katrineholms kommun,1 475,131,1 126,T0900
Vallargärdet,Karlstads kommun,591,126,469,T5860
Vallberga,Laholms kommun,736,82,898,T4148
Vallda,Kungsbacka kommun,3 933,564,697,T4152
Vallentuna,Vallentuna kommun,33 336,1 756,1 898,T0388
Vallkärra,Lunds kommun,415,43,965,T3768
Vallsta,Bollnäs kommun,268,65,412,T7348
Vallvik,Söderhamns kommun,233,96,243,T7352
Vallåkra,Helsingborgs kommun,805,135,596,T3772
Valskog,Kungsörs kommun,695,78,891,T6360
Valåsen och Labbsand,Karlskoga kommun,354,145,244,T6146
Vankiva,Hässleholms kommun,387,86,450,T3140
Vannsätter,Söderhamns kommun,362,99,366,T7356
Vansbro,Vansbro kommun,1 724,273,632,T6828
Vaplan,Krokoms kommun,262,57,460,T8002
Vara,Vara kommun,4 417,339,1 303,T5500
Varberg,Varbergs kommun,36 019,2 461,1 464,T4156
Varekil,Orusts kommun,941,157,599,T4610
Vargön,Vänersborgs kommun,5 000,401,1 247,T5112
Varnhem,Skara kommun,667,70,953,T5504
Vartofta,Falköpings kommun,532,74,719,T5508
Vassmolösa,Kalmar kommun,528,124,426,T2452
Vattholma,Uppsala kommun,1 376,113,1 218,T0660
Vattjom,Sundsvalls kommun,535,134,399,T7726
Vattubrinken,Södertälje kommun,396,94,421,T0390
Vaxholm,Vaxholms kommun,5 135,179,2 869,T0392
Veberöd,Lunds kommun,5 573,409,1 363,T3776
Veddige,Varbergs kommun,2 346,200,1 173,T4160
Vedevåg,Lindesbergs kommun,674,142,475,T6148
Vedum,Vara kommun,986,138,715,T5512
Vegby,Ulricehamns kommun,597,97,616,T5116
Veinge,Laholms kommun,1 519,205,741,T4164
Velanda,Trollhättans kommun,783,102,768,T5038
Vellinge,Vellinge kommun,6 878,353,1 948,T3780
Vemdalen,Härjedalens kommun,612,380,161,T8008
Vena,Hultsfreds kommun,386,88,439,T2456
Venjan,Mora kommun,217,213,102,T6836
Venngarn,Sigtuna kommun,415,29,1 431,T0470
Vessigebro,Falkenbergs kommun,836,128,653,T4168
Vetlanda,Vetlanda kommun,13 674,1 103,1 240,T1724
Vi,Sundsvalls kommun,5 862,636,922,T7404
Vibble,Region Gotland,1 802,360,501,T2548
Viby,Kristianstads kommun,1 204,177,680,T3148
Vibyäng,Håbo kommun,484,20,2 420,T0522
Vickleby,Mörbylånga kommun,456,148,308,T2458
Vidja,Huddinge kommun,882,191,462,T0394
Vidsel,Älvsbyns kommun,471,100,471,T8904
Vidöåsen,Hammarö kommun,290,26,1 115,T5862
Viforsen och Tunbyn,Sundsvalls kommun,212,78,272,T7714
Vik,Simrishamns kommun,342,87,393,T3152
Vika,Falu kommun,565,106,533,T6840
Vikarbodarna och Skatan,Sundsvalls kommun,259,121,214,T7646
Vikarbyn,Rättviks kommun,1 182,341,347,T6848
Viken,Höganäs kommun,4 606,302,1 525,T3784
Vikingstad,Linköpings kommun,2 423,174,1 393,T1308
Vikmanshyttan,Hedemora kommun,890,145,614,T6852
Viksjöfors,Ovanåkers kommun,257,88,292,T7360
Viksäter,Södertälje kommun,936,155,604,T0398
Vilhelmina,Vilhelmina kommun,3 356,327,1 026,T8376
Villshärad,Halmstads kommun,743,129,576,T4176
Vilshult,Olofströms kommun,304,104,292,T2772
Vimmerby,Vimmerby kommun,8 182,738,1 109,T2460
Vinberg,Falkenbergs kommun,654,59,1 109,T4180
Vinbergs kyrkby,Falkenbergs kommun,268,149,180,T4182
Vindeln,Vindelns kommun,2 502,272,920,T8380
Vindön,Orusts kommun,212,170,125,T4644
Vingåker,Vingåkers kommun,4 741,413,1 148,T0904
Vinninga,Lidköpings kommun,1 055,110,959,T5516
Vinslöv,Hässleholms kommun,4 114,483,852,T3160
Vintrie,Malmö kommun,790,46,1 717,T3788
Vintrosa,Lekebergs kommun,2 918,459,636,T6152
Vinäs,Mora kommun,322,103,313,T6860
Virsbo,Surahammars kommun,1 319,122,1 081,T6364
Virserum,Hultsfreds kommun,1 844,297,621,T2464
Visby,Region Gotland,24 942,1 380,1 807,T2552
Viskafors,Borås kommun,3 683,397,928,T5120
Vislanda,Alvesta kommun,1 831,249,735,T2012
Vissefjärda,Emmaboda kommun,643,104,618,T2468
Vistträsk,Älvsbyns kommun,211,49,431,T8908
Vitaby,Simrishamns kommun,344,122,282,T3164
Vittangi,Kiruna kommun,760,180,422,T8912
Vittaryd,Ljungby kommun,326,78,418,T2016
Vittinge,Heby kommun,603,126,479,T6368
Vittjärv,Bodens kommun,530,130,408,T8916
Vittsjö,Hässleholms kommun,1 796,326,551,T3168
Vittskövle,Kristianstads kommun,239,59,405,T3170
Vollsjö,Sjöbo kommun,843,148,570,T3792
Vrena,Nyköpings kommun,643,112,574,T0908
Vretstorp,Hallsbergs kommun,898,164,548,T6156
Vrigstad,Sävsjö kommun,1 509,215,702,T1728
Vrångö,Göteborgs kommun,377,48,785,T4612
Vuollerim,Jokkmokks kommun,623,144,433,T8920
Vålberg,Karlstads kommun,2 812,295,953,T5864
Våmhus,Mora kommun,815,229,356,T6864
Vånga,Norrköpings kommun,216,37,584,T1310
Vånga,Kristianstads kommun,259,112,231,T3174
Vångelsta,Uppsala kommun,298,18,1 656,T0696
Vårgårda,Vårgårda kommun,5 825,514,1 133,T5124
Vårsta,Botkyrka kommun,2 601,150,1 734,T0396
Våxtorp,Laholms kommun,1 019,159,641,T4184
Väckelsång,Tingsryds kommun,979,143,685,T2020
Väderstad,Mjölby kommun,569,119,478,T1316
Väggarp,Eslövs kommun,253,30,843,T3830
Väländan,Haninge kommun,557,163,342,T0402
Vänersborg,Vänersborgs kommun,24 112,1 166,2 068,T5132
Väne-Åsaka,Trollhättans kommun,373,61,612,T5128
Vänge,Uppsala kommun,1 276,90,1 418,T0516
Vännäs,Vännäs kommun,4 567,410,1 114,T8384
Vännäsby,Vännäs kommun,1 747,206,848,T8388
Väring,Skövde kommun,651,126,517,T5520
Värnamo,Värnamo kommun,19 778,1 194,1 656,T1732
Värsås,Skövde kommun,567,74,766,T5524
Väröbacka,Varbergs kommun,863,150,575,T4188
Väse,Karlstads kommun,539,71,759,T5872
Väskinde,Region Gotland,347,45,771,T2556
Västanvik,Leksands kommun,513,237,217,T6872
Västerberg,Sandvikens kommun,213,75,284,T7364
Västerby,Hedemora kommun,391,71,551,T6880
Västerfärnebo,Sala kommun,421,68,619,T6372
Västerhaninge,Haninge kommun,19 100,1 080,1 769,T0404
Västerhejde,Region Gotland,502,89,564,T2560
Västerljung,Trosa kommun,388,43,902,T0910
Västerlösa,Linköpings kommun,232,43,540,T1318
Västermyckeläng,Älvdalens kommun,384,172,223,T6884
Västervik,Västerviks kommun,21 428,1 313,1 632,T2472
Västerås,Västerås kommun,128 534,4 993,2 574,T6376
Västra Bispgården,Ragunda kommun,461,113,408,T7808
Västra Bodarna,Alingsås kommun,1 356,297,457,T5136
Västra Hagen,Kungsbacka kommun,1 376,286,481,T4224
Västra Husby,Söderköpings kommun,508,54,941,T1320
Västra Ingelstad,Vellinge kommun,1 034,98,1 055,T3800
Västra Karaby,Kävlinge kommun,273,62,440,T3802
Västra Karup,Båstads kommun,592,146,406,T3172
Västra Tommarp,Trelleborgs kommun,418,34,1 229,T3806
Västra Torup,Hässleholms kommun,211,63,335,T3176
Västra Ämtervik,Sunne kommun,375,117,321,T5876
Växjö,Växjö kommun,71 009,3 618,1 963,T2024
Yngsjö,Kristianstads kommun,717,327,219,T3180
Ysane,Sölvesborgs kommun,218,56,389,T2774
Ysby,Laholms kommun,262,48,546,T4190
Ystad,Ystads kommun,20 133,1 093,1 842,T3808
Ytterby,Kungälvs kommun,6 384,387,1 650,T4453
Ytterhogdal,Härjedalens kommun,461,229,201,T8012
Ytternäs och Vreta,Uppsala kommun,792,152,521,T0662
Yttersjö,Umeå kommun,518,108,480,T8394
Ytterstad,Lerums kommun,243,66,368,T5550
Zinkgruvan,Askersunds kommun,353,172,205,T6160
Åby,Norrköpings kommun,7 157,528,1 356,T1324
Åby,Växjö kommun,418,60,697,T2028
Åbyggeby,Gävle kommun,1 011,235,430,T7368
Åbytorp,Kumla kommun,833,143,583,T6164
Åhus,Kristianstads kommun,10 412,1 162,896,T3184
Åkarp,Burlövs kommun,6 324,264,2 396,T3812
Åkers styckebruk,Strängnäs kommun,2 993,281,1 065,T0912
Åkersberga,Österåkers kommun,35 725,2 531,1 412,T0408
Ålberga,Nyköpings kommun,219,41,534,T0916
Åled,Halmstads kommun,1 786,202,884,T4192
Åminne,Värnamo kommun,219,38,576,T1736
Åmmeberg,Askersunds kommun,459,204,225,T6168
Åmot,Ockelbo kommun,210,98,214,T7372
Åmotfors,Eda kommun,1 366,210,651,T5880
Åmunnen,Kalmar kommun,353,38,929,T2482
Åmynnet,Örnsköldsviks kommun,316,40,790,T7732
Åmål,Åmåls kommun,9 265,744,1 245,T5140
Ånge,Ånge kommun,2 769,380,729,T7736
Ånäset,Robertsfors kommun,590,138,428,T8396
Åre,Åre kommun,3 430,649,529,T8024
Årjäng,Årjängs kommun,3 417,460,743,T5884
Årnäs,Varbergs kommun,730,354,206,T4194
Årsta havsbad,Haninge kommun,513,151,340,T0434
Årstad,Falkenbergs kommun,280,35,800,T4196
Årsunda,Sandvikens kommun,1 054,159,663,T7376
Åryd,Växjö kommun,676,81,835,T2032
Åryd,Karlshamns kommun,318,76,418,T2776
Ås,Nora kommun,492,72,683,T6176
Ås,Krokoms kommun,1 462,279,524,T8028
Åsa,Kungsbacka kommun,6 479,906,715,T4200
Åsarna,Bergs kommun,254,61,416,T8032
Åsarp,Falköpings kommun,607,105,578,T5532
Åsbro,Askersunds kommun,1 453,348,418,T6172
Åsby,Varbergs kommun,507,103,492,T4204
Åseda,Uppvidinge kommun,2 698,302,893,T2036
Åsele,Åsele kommun,1 678,227,739,T8400
Åsen,Älvdalens kommun,198,73,271,T6892
Åsensbruk,Melleruds kommun,699,167,419,T5144
Åshammar,Sandvikens kommun,674,161,419,T7380
Åsljunga,Örkelljunga kommun,798,177,451,T3188
Åssjöns norra strand,Krokoms kommun,354,97,365,T7814
Åstorp,Åstorps kommun,10 556,777,1 359,T3192
Åtvidaberg,Åtvidabergs kommun,6 934,568,1 221,T1328
Älandsbro,Härnösands kommun,919,199,462,T7740
Älgarås,Töreboda kommun,374,90,416,T5536
Älghult,Uppvidinge kommun,457,98,466,T2040
Älgö,Nacka kommun,1 053,201,524,T0436
Älmhult,Älmhults kommun,10 894,1 000,1 089,T2048
Älmsta,Norrtälje kommun,1 532,246,623,T0412
Älvdalen,Älvdalens kommun,1 912,335,571,T6896
Älvkarleby,Älvkarleby kommun,1 490,255,584,T0664
Älvkarleö,Älvkarleby kommun,250,70,357,T0670
Älvnäs,Ekerö kommun,802,58,1 383,T0414
Älvsala,Värmdö kommun,584,456,128,T0438
Älvsbyn,Älvsbyns kommun,5 034,663,759,T8932
Älvsered,Falkenbergs kommun,441,110,401,T4212
Älvåker och Råtorp,Karlstads kommun,3 267,126,2 593,T5794
Älvängen,Ale kommun,6 163,488,1 263,T5152
Äng,Nässjö kommun,282,50,564,T1740
Änge,Krokoms kommun,351,62,566,T8040
Ängelholm,Ängelholms kommun,28 606,1 971,1 451,T3196
Ängesbyn,Luleå kommun,205,79,260,T8934
Ängsmon,Östersunds kommun,1 345,55,2 446,T8042
Ängsvik,Värmdö kommun,441,78,565,T0418
Äppelbo,Vansbro kommun,487,282,173,T6900
Ärla,Eskilstuna kommun,1 302,146,892,T0920
Äsköping,Katrineholms kommun,332,51,651,T0924
Äspered,Borås kommun,314,61,515,T5156
Äsperöd,Sjöbo kommun,262,36,728,T3816
Ätran,Falkenbergs kommun,405,65,623,T4216
Öbolandet,Trosa kommun,389,177,220,T0928
Öbonäs,Norrköpings kommun,654,193,339,T1330
Ödeborg,Färgelanda kommun,579,88,658,T5160
Ödeshög,Ödeshögs kommun,2 693,264,1 020,T1332
Ödsmål,Stenungsunds kommun,1 447,347,417,T4630
Ödsmål och Åsebyberg,Kungälvs kommun,302,80,378,T4648
Ödåkra,Helsingborgs kommun,5 807,334,1 739,T3820
Öggestorp,Jönköpings kommun,245,39,628,T1742
Öja,Växjö kommun,397,58,685,T1858
Öjersjö,Partille kommun,4 765,267,1 785,T4631
Ölmbrotorp,Örebro kommun,521,63,827,T6184
Ölme,Kristinehamns kommun,205,37,554,T5888
Ölmstad,Jönköpings kommun,434,79,549,T1448
Ölsta,Ekerö kommun,730,245,298,T0424
Önneköp,Hörby kommun,209,56,373,T3834
Önnestad,Kristianstads kommun,1 438,218,660,T3200
Örbyhus,Tierps kommun,2 247,202,1 112,T0672
Örebro,Örebro kommun,126 009,5 139,2 452,T6188
Öregrund,Östhammars kommun,1 597,419,381,T0676
Örkelljunga,Örkelljunga kommun,5 515,785,703,T3208
Örnsköldsvik,Örnsköldsviks kommun,33 346,3 920,851,T7744
Örserum,Jönköpings kommun,369,72,513,T1748
Örsjö,Nybro kommun,363,82,443,T2484
Örslösa,Lidköpings kommun,321,60,535,T5890
Örstig,Nyköpings kommun,258,34,759,T0932
Örsundsbro,Enköpings kommun,1 422,138,1 030,T0680
Örsundsbro norra,Enköpings kommun,561,36,1 558,T0682
Örtagården,Västerås kommun,474,42,1 129,T6382
Örtofta,Eslövs kommun,287,73,393,T3828
Örviken,Skellefteå kommun,419,116,361,T8408
Ösmo,Nynäshamns kommun,3 972,211,1 883,T0420
Össjö,Ängelholms kommun,218,35,623,T3210
Östad,Tanums kommun,225,34,662,T5552
Östadkulle,Vårgårda kommun,409,65,629,T5162
Östansjö,Hallsbergs kommun,834,150,556,T6192
Östanå,Sandvikens kommun,220,20,1 100,T7274
Österbybruk,Östhammars kommun,2 360,272,868,T0684
Österbymo,Ydre kommun,900,140,643,T1336
Österfärnebo,Sandvikens kommun,462,132,350,T7384
Österslöv,Kristianstads kommun,475,68,699,T3216
Österstad,Motala kommun,315,43,733,T1340
Östersund,Östersunds kommun,52 797,3 559,1 484,T8044
Östervåla,Heby kommun,1 810,217,834,T6384
Österå och Hökviken,Falu kommun,280,113,248,T6506
Östhammar,Östhammars kommun,4 977,488,1 020,T0688
Östorp och Ådran,Huddinge kommun,246,112,220,T0406
Östra Balltorp,Mölndals kommun,2 702,86,3 142,T4367
Östra Bispgården,Ragunda kommun,248,122,203,T7806
Östra Frölunda,Svenljunga kommun,329,63,522,T5164
Östra Grevie,Vellinge kommun,855,101,847,T3832
Östra Husby,Norrköpings kommun,882,126,700,T1344
Östra Karup,Båstads kommun,841,168,501,T3220
Östra Ljungby,Klippans kommun,1 876,225,834,T3224
Östra Ryd,Söderköpings kommun,465,97,479,T1348
Östra Stenåsen,Kils kommun,471,27,1 744,T5814
Östra Sönnarslöv,Kristianstads kommun,265,69,384,T3228
Östra Tommarp,Simrishamns kommun,281,71,396,T3232
Östra Vemmerlöv,Simrishamns kommun,222,75,296,T3236
Östraby,Hörby kommun,190,36,528,T3836
Överboda,Umeå kommun,253,66,383,T8412
Överhärde,Gävle kommun,552,131,421,T7388
Överkalix,Överkalix kommun,1 035,124,835,T8940
Överlida,Svenljunga kommun,498,85,586,T5168
Övermarken och Maran,Piteå kommun,386,90,429,T8950
Övertorneå,Övertorneå kommun,1 737,259,671,T8944
Övertänger,Falu kommun,237,118,201,T6916
Överum,Västerviks kommun,1 155,166,696,T2488
Öxabäck,Marks kommun,326,66,494,T5172
Öxeryd,Lerums kommun,636,111,573,T5176
